Id,Round,Time,Device,FTIS,Start time (ms),End Time (ms),Duration (ms),Needle In (ms),Wire In (ms),Needle Out (ms),Catheter Over Needle (ms),Wire Out (ms),Participant_raw,Participant,Expertise,Abort_participant,Device_name,Repetition,Device_code_clean,Attempt_start_ms,Attempt_end_ms,Attempt_duration_ms,Success,Attempt_sequence,Attempt_ID,Session_index,File,Recording,Recording_min_timestamp_ms,Recording_max_timestamp_ms,Eye_sample_count,Valid_eye_sample_count,Valid_sample_proportion,Fixation_count,Mean_fixation_duration_ms,Median_fixation_duration_ms,SD_fixation_duration_ms,Q1_fixation_duration_ms,Q3_fixation_duration_ms,IQR_fixation_duration_ms,Total_fixation_duration_ms,Max_fixation_duration_ms,Fixation_rate_per_second,Fixation_time_proportion,Long_fixations_review,Sample_interval_ms
P2,1,3,DEVICE2-1,Y,642983,848698,205715.0,,,,,,P2,P2,Intermediate,False,ATG,1,DEVICE2-1,642983,848698,205715,1,3,P2_T3_DEVICE2-1_18,1,SIMETRIC Recording 16.tsv,Recording 16,2.0,3291257.0,10268,9614,0.936306973120374,0,,,,,,,0.0,,0.0,0.0,0,20.0
P2,2,5,DEVICE3-2,Y,1021328,1152074,130746.0,,,,,,P2,P2,Intermediate,False,CON,2,DEVICE3-2,1021328,1152074,130746,1,5,P2_T5_DEVICE3-2_20,1,SIMETRIC Recording 16.tsv,Recording 16,2.0,3291257.0,6526,6161,0.9440698743487588,0,,,,,,,0.0,,0.0,0.0,0,20.0
P2,2,6,DEVICE1-2,Y,1183404,1466377,282973.0,1304285.0,1331758.0,1392199.0,1359231/1419672,1441651.0,P2,P2,Intermediate,False,MST,2,DEVICE1-2,1183404,1466377,282973,1,6,P2_T6_DEVICE1-2_21,1,SIMETRIC Recording 16.tsv,Recording 16,2.0,3291257.0,14123,12962,0.9177936699001629,0,,,,,,,0.0,,0.0,0.0,0,20.0
P2,4,10,DEVICE3-4,N,2150327,2309543,159216.0,,,,,,P2,P2,Intermediate,False,CON,4,DEVICE3-4,2150327,2309543,159216,0,10,P2_T10_DEVICE3-4_25,1,SIMETRIC Recording 16.tsv,Recording 16,2.0,3291257.0,7947,7437,0.9358248395620989,0,,,,,,,0.0,,0.0,0.0,0,20.0
P2,4,11,DEVICE1-4,Y,2351010,2507184,156174.0,2394967.0,2420113.0,2433995.0,2444973,2475269.0,P2,P2,Intermediate,False,MST,4,DEVICE1-4,2351010,2507184,156174,1,11,P2_T11_DEVICE1-4_26,1,SIMETRIC Recording 16.tsv,Recording 16,2.0,3291257.0,7795,7184,0.9216164207825529,0,,,,,,,0.0,,0.0,0.0,0,20.0
P2,5,13,DEVICE1-5 ,Y,2710908,2864757,153849.0,2752117.0,2779591.0,2798816.0,2810084,2833446.0,P2,P2,Intermediate,False,MST,5,DEVICE1-5,2710908,2864757,153849,1,13,P2_T13_DEVICE1-5_28,1,SIMETRIC Recording 16.tsv,Recording 16,2.0,3291257.0,7678,7165,0.9331857254493358,0,,,,,,,0.0,,0.0,0.0,0,20.0
P2,5,14,DEVICE3-5 ,N,2988203,3127820,139617.0,,,,,,P2,P2,Intermediate,False,CON,5,DEVICE3-5,2988203,3127820,139617,0,14,P2_T14_DEVICE3-5_29,1,SIMETRIC Recording 16.tsv,Recording 16,2.0,3291257.0,6968,6581,0.9444603903559128,0,,,,,,,0.0,,0.0,0.0,0,20.0
P2,5,15,DEVICE2-5 ,N,3149601,3264247,114646.0,,,,,,P2,P2,Intermediate,False,ATG,5,DEVICE2-5,3149601,3264247,114646,0,15,P2_T15_DEVICE2-5_30,1,SIMETRIC Recording 16.tsv,Recording 16,2.0,3291257.0,5722,5256,0.9185599440754981,0,,,,,,,0.0,,0.0,0.0,0,20.0
P27,4,12,DEVICE3-4,Y,17545,137770,120225.0,,,,,,P27,P27,Novice,False,CON,4,DEVICE3-4,17545,137770,120225,1,12,P27_T12_DEVICE3-4_388,2,SIMETRIC Recording 71.tsv,Recording 71,17.0,1298927.0,6001,5882,0.9801699716713881,0,,,,,,,0.0,,0.0,0.0,0,20.0
P27,5,13,DEVICE1-5 ,Y,158255,253527,95272.0,170998.0,187868.0,200818.0,211548.0,244869.0,P27,P27,Novice,False,MST,5,DEVICE1-5,158255,253527,95272,1,13,P27_T13_DEVICE1-5_389,2,SIMETRIC Recording 71.tsv,Recording 71,17.0,1298927.0,4755,4630,0.9737118822292324,0,,,,,,,0.0,,0.0,0.0,0,20.0
P27,5,14,DEVICE3-5 ,Y,568308,711813,143505.0,,,,,,P27,P27,Novice,False,CON,5,DEVICE3-5,568308,711813,143505,1,14,P27_T14_DEVICE3-5_390,2,SIMETRIC Recording 71.tsv,Recording 71,17.0,1298927.0,7162,6929,0.9674671879363307,0,,,,,,,0.0,,0.0,0.0,0,20.0
