Attempt_ID,Participant,Expertise,Success,Phase,Phase_duration_ms,Fixation_count,Fixation_rate,Mean_fixation_duration_ms,Phase_fraction
P1_T3_DEVICE1-1_3,P1,Expert,1,Pre-needle,52445.0,17,0.3241491085899514,327.6470588235294,0.20614200588022577
P1_T3_DEVICE1-1_3,P1,Expert,1,Needle-to-Wire,34262.0,22,0.6421107932986982,877.0454545454545,0.13467132053519487
P1_T3_DEVICE1-1_3,P1,Expert,1,Wire-to-NeedleOut,18694.0,0,0.0,,0.07347923840070437
P1_T3_DEVICE1-1_3,P1,Expert,1,NeedleOut-to-CON,14693.0,0,0.0,,0.05775277895696744
P1_T3_DEVICE1-1_3,P1,Expert,1,CON-to-WireOut,66133.0,0,0.0,,0.2599444994732953
P1_T4_DEVICE1-2_4,P1,Expert,1,Pre-needle,25200.0,14,0.5555555555555556,402.14285714285717,0.13590693610756063
P1_T4_DEVICE1-2_4,P1,Expert,1,Needle-to-Wire,19660.0,10,0.508646998982706,1362.5,0.10602898269343818
P1_T4_DEVICE1-2_4,P1,Expert,1,Wire-to-NeedleOut,25462.0,0,0.0,,0.13731993679248844
P1_T4_DEVICE1-2_4,P1,Expert,1,NeedleOut-to-CON,18401.0,0,0.0,,0.09923902902044536
P1_T4_DEVICE1-2_4,P1,Expert,1,CON-to-WireOut,49844.0,0,0.0,,0.26881529060893855
P1_T9_DEVICE1-3_9,P1,Expert,1,Pre-needle,31900.0,28,0.877742946708464,325.39285714285717,0.16930981041547247
P1_T9_DEVICE1-3_9,P1,Expert,1,Needle-to-Wire,31900.0,6,0.18808777429467086,3549.6666666666665,0.16930981041547247
P1_T9_DEVICE1-3_9,P1,Expert,1,Wire-to-NeedleOut,31901.0,12,0.3761637566220495,227.08333333333334,0.16931511793304035
P1_T9_DEVICE1-3_9,P1,Expert,1,NeedleOut-to-CON,15950.0,0,0.0,,0.08465490520773623
P1_T9_DEVICE1-3_9,P1,Expert,1,CON-to-WireOut,31901.0,0,0.0,,0.16931511793304035
P1_T11_DEVICE1-4_11,P1,Expert,1,Pre-needle,26916.0,20,0.743052459503641,591.05,0.18120859589594443
P1_T11_DEVICE1-4_11,P1,Expert,1,Needle-to-Wire,31900.0,14,0.438871473354232,1396.5714285714287,0.2147627511175742
P1_T11_DEVICE1-4_11,P1,Expert,1,Wire-to-NeedleOut,12960.0,0,0.0,,0.08725157537566651
P1_T11_DEVICE1-4_11,P1,Expert,1,NeedleOut-to-CON,13956.0,0,0.0,,0.0939570205202779
P1_T11_DEVICE1-4_11,P1,Expert,1,CON-to-WireOut,30904.0,0,0.0,,0.2080573059729628
P1_T13_DEVICE1-5_13,P1,Expert,1,Pre-needle,33824.0,2,0.059129612109744566,1112.0,0.199668242808484
P1_T13_DEVICE1-5_13,P1,Expert,1,Needle-to-Wire,29907.0,25,0.8359246999030328,616.28,0.17654559300122194
P1_T13_DEVICE1-5_13,P1,Expert,1,Wire-to-NeedleOut,20935.0,1,0.04776689754000478,120.0,0.12358250541614277
P1_T13_DEVICE1-5_13,P1,Expert,1,NeedleOut-to-CON,17944.0,0,0.0,,0.10592617517015838
P1_T13_DEVICE1-5_13,P1,Expert,1,CON-to-WireOut,31900.0,0,0.0,,0.18831057667900425
P10_T3_DEVICE1-1_123,P10,Intermediate,1,Pre-needle,41671.0,24,0.5759401022293682,717.0833333333334,0.2708019235768131
P10_T3_DEVICE1-1_123,P10,Intermediate,1,Needle-to-Wire,36045.0,4,0.11097239561659036,14421.25,0.2342409669872628
P10_T3_DEVICE1-1_123,P10,Intermediate,1,Wire-to-NeedleOut,20444.0,0,0.0,,0.13285677151026773
P10_T3_DEVICE1-1_123,P10,Intermediate,1,NeedleOut-to-CON,16754.0,0,0.0,,0.10887704704964908
P10_T3_DEVICE1-1_123,P10,Intermediate,1,CON-to-WireOut,20861.0,0,0.0,,0.13556667533142708
P10_T4_DEVICE1-2_124,P10,Intermediate,1,Pre-needle,35953.0,55,1.5297749840068977,296.1636363636364,0.23739501346996988
P10_T4_DEVICE1-2_124,P10,Intermediate,1,Needle-to-Wire,43419.0,59,1.3588521154333357,524.0169491525423,0.28669246209920235
P10_T4_DEVICE1-2_124,P10,Intermediate,1,Wire-to-NeedleOut,14763.0,0,0.0,,0.09747900269399398
P10_T4_DEVICE1-2_124,P10,Intermediate,1,NeedleOut-to-CON,11289.0,0,0.0,,0.07454043632137763
P10_T4_DEVICE1-2_124,P10,Intermediate,1,CON-to-WireOut,28656.0,1,0.03489670575097711,4969.0,0.1892134594052084
P10_T9_DEVICE1-3_129,P10,Intermediate,0,Pre-needle,11289.0,23,2.037381521835415,134.17391304347825,0.05726910238329563
P10_T9_DEVICE1-3_129,P10,Intermediate,0,Needle-to-Wire,33867.0,35,1.0334543951339061,286.6857142857143,0.17180730714988687
P10_T9_DEVICE1-3_129,P10,Intermediate,0,Wire-to-NeedleOut,14763.0,0,0.0,,0.07489270603991437
P10_T9_DEVICE1-3_129,P10,Intermediate,0,NeedleOut-to-CON,14762.0,0,0.0,,0.0748876330394375
P10_T9_DEVICE1-3_129,P10,Intermediate,0,CON-to-WireOut,114626.0,0,0.0,,0.5814977526607887
P10_T10_DEVICE1-3_130,P10,Intermediate,0,Pre-needle,11289.0,18,1.5944724953494553,107.88888888888889,0.04153391071441711
P10_T10_DEVICE1-3_130,P10,Intermediate,0,Needle-to-Wire,95522.0,157,1.643600427126735,189.84076433121018,0.3514396509223626
P10_T10_DEVICE1-3_130,P10,Intermediate,0,Wire-to-NeedleOut,15630.0,0,0.0,,0.057505095621077106
P10_T10_DEVICE1-3_130,P10,Intermediate,0,NeedleOut-to-CON,9552.0,0,0.0,,0.035143229262477836
P10_T10_DEVICE1-3_130,P10,Intermediate,0,CON-to-WireOut,128521.0,18,0.1400549326569199,3087.777777777778,0.47284788191404037
P10_T12_DEVICE1-4_132,P10,Intermediate,1,Pre-needle,31805.0,13,0.4087407640308128,80.0,0.1645889287359177
P10_T12_DEVICE1-4_132,P10,Intermediate,1,Needle-to-Wire,74035.0,13,0.1755926251097454,3188.769230769231,0.3831265945280197
P10_T12_DEVICE1-4_132,P10,Intermediate,1,Wire-to-NeedleOut,46239.0,0,0.0,,0.2392839954667536
P10_T15_DEVICE1-5_135,P10,Intermediate,1,Pre-needle,22899.0,10,0.436700292589196,1332.5,0.1450745360896587
P10_T15_DEVICE1-5_135,P10,Intermediate,1,Needle-to-Wire,40074.0,4,0.09981534161800669,14421.25,0.25388518971382956
P10_T15_DEVICE1-5_135,P10,Intermediate,1,Wire-to-NeedleOut,16357.0,0,0.0,,0.10362828886931952
P10_T15_DEVICE1-5_135,P10,Intermediate,1,NeedleOut-to-CON,26989.0,0,0.0,,0.17098635986391542
P10_T15_DEVICE1-5_135,P10,Intermediate,1,CON-to-WireOut,38439.0,0,0.0,,0.24352679561336266
P11_T2_DEVICE1-1_138,P11,Intermediate,1,Pre-needle,71641.0,23,0.3210452115408774,2460.1304347826085,0.2517508811509254
P11_T2_DEVICE1-1_138,P11,Intermediate,1,Needle-to-Wire,49264.0,5,0.1014939915556999,9777.6,0.17311672658141553
P11_T2_DEVICE1-1_138,P11,Intermediate,1,Wire-to-NeedleOut,22117.0,2,0.09042817742008409,180.0,0.07772049857504805
P11_T2_DEVICE1-1_138,P11,Intermediate,1,NeedleOut-to-CON,71099.0,0,0.0,,0.2498462598086242
P11_T2_DEVICE1-1_138,P11,Intermediate,1,CON-to-WireOut,49192.0,0,0.0,,0.17286371415217994
P11_T6_DEVICE1-2_142,P11,Intermediate,1,Pre-needle,41579.0,7,0.1683542172731427,833.0,0.1678643810508127
P11_T6_DEVICE1-2_142,P11,Intermediate,1,Needle-to-Wire,50004.0,1,0.01999840012798976,36747.0,0.2018781238140609
P11_T6_DEVICE1-2_142,P11,Intermediate,1,Wire-to-NeedleOut,91471.0,11,0.12025669337822915,2283.909090909091,0.369290334041196
P11_T6_DEVICE1-2_142,P11,Intermediate,1,NeedleOut-to-CON,23173.0,0,0.0,,0.09355495086679531
P11_T6_DEVICE1-2_142,P11,Intermediate,1,CON-to-WireOut,32930.0,0,0.0,,0.1329462966402093
P11_T9_DEVICE1-3_145,P11,Intermediate,1,Pre-needle,32929.0,4,0.12147347323028333,1292.0,0.18243011157771105
P11_T9_DEVICE1-3_145,P11,Intermediate,1,Needle-to-Wire,48785.0,4,0.08199241570154761,8590.25,0.270274013584337
P11_T9_DEVICE1-3_145,P11,Intermediate,1,Wire-to-NeedleOut,28051.0,0,0.0,,0.15540548027168674
P11_T9_DEVICE1-3_145,P11,Intermediate,1,NeedleOut-to-CON,25612.0,0,0.0,,0.14189316461867457
P11_T9_DEVICE1-3_145,P11,Intermediate,1,CON-to-WireOut,30490.0,0,0.0,,0.16891779592469888
P11_T11_DEVICE1-4_147,P11,Intermediate,1,Pre-needle,39027.0,8,0.20498629154175313,1124.75,0.24059849082659301
P11_T11_DEVICE1-4_147,P11,Intermediate,1,Needle-to-Wire,36589.0,1,0.027330618491896472,31096.0,0.22556840599723813
P11_T11_DEVICE1-4_147,P11,Intermediate,1,Wire-to-NeedleOut,26831.0,0,0.0,,0.1654110771355297
P11_T11_DEVICE1-4_147,P11,Intermediate,1,NeedleOut-to-CON,14636.0,0,0.0,,0.0902298283685145
P11_T11_DEVICE1-4_147,P11,Intermediate,1,CON-to-WireOut,30490.0,0,0.0,,0.1879685342276583
P11_T14_DEVICE1-5_150,P11,Intermediate,1,Pre-needle,37808.0,6,0.15869657215404148,1021.6666666666666,0.17613625775674113
P11_T14_DEVICE1-5_150,P11,Intermediate,1,Needle-to-Wire,52443.0,2,0.038136643593997294,19926.5,0.24431638186459945
P11_T14_DEVICE1-5_150,P11,Intermediate,1,Wire-to-NeedleOut,18294.0,0,0.0,,0.08522631981067029
P11_T14_DEVICE1-5_150,P11,Intermediate,1,NeedleOut-to-CON,20734.0,0,0.0,,0.09659355608147141
P11_T14_DEVICE1-5_150,P11,Intermediate,1,CON-to-WireOut,41467.0,0,0.0,,0.19318245345955315
P12_T1_DEVICE1-1_152,P12,Expert,1,Pre-needle,10172.0,5,0.4915454187966968,268.2,0.0719077612594462
P12_T1_DEVICE1-1_152,P12,Expert,1,Needle-to-Wire,39072.0,39,0.998157248157248,601.974358974359,0.2762072402604288
P12_T1_DEVICE1-1_152,P12,Expert,1,Wire-to-NeedleOut,20761.0,0,0.0,,0.1467633731328512
P12_T1_DEVICE1-1_152,P12,Expert,1,NeedleOut-to-CON,19146.0,0,0.0,,0.13534663754161982
P12_T1_DEVICE1-1_152,P12,Expert,1,CON-to-WireOut,27179.0,0,0.0,,0.1921334096805435
P12_T5_DEVICE1-2_156,P12,Expert,1,Pre-needle,12905.0,1,0.07748934521503294,821.0,0.11543346810261548
P12_T5_DEVICE1-2_156,P12,Expert,1,Needle-to-Wire,32964.0,66,2.002184200946487,327.8484848484849,0.2948584922537479
P12_T5_DEVICE1-2_156,P12,Expert,1,Wire-to-NeedleOut,20013.0,0,0.0,,0.1790135604136105
P12_T5_DEVICE1-2_156,P12,Expert,1,NeedleOut-to-CON,14128.0,0,0.0,,0.12637303660238292
P12_T5_DEVICE1-2_156,P12,Expert,1,CON-to-WireOut,24189.0,0,0.0,,0.21636731188951305
P12_T7_DEVICE1-3_158,P12,Expert,1,Pre-needle,22368.0,4,0.178826895565093,330.75,0.1759237412108914
P12_T7_DEVICE1-3_158,P12,Expert,1,Needle-to-Wire,32964.0,12,0.3640334910811795,1592.75,0.25926100703128685
P12_T7_DEVICE1-3_158,P12,Expert,1,Wire-to-NeedleOut,22368.0,0,0.0,,0.1759237412108914
P12_T7_DEVICE1-3_158,P12,Expert,1,NeedleOut-to-CON,14128.0,0,0.0,,0.11111635442719393
P12_T7_DEVICE1-3_158,P12,Expert,1,CON-to-WireOut,25899.0,0,0.0,,0.20369496484356567
P12_T10_DEVICE1-4_161,P12,Expert,1,Pre-needle,7325.0,2,0.27303754266211605,611.5,0.08403505954156437
P12_T10_DEVICE1-4_161,P12,Expert,1,Needle-to-Wire,17798.0,5,0.28093044162265424,725.2,0.20418511805061607
P12_T10_DEVICE1-4_161,P12,Expert,1,Wire-to-NeedleOut,13527.0,0,0.0,,0.15518665534726844
P12_T10_DEVICE1-4_161,P12,Expert,1,NeedleOut-to-CON,12814.0,0,0.0,,0.14700686047312025
P12_T10_DEVICE1-4_161,P12,Expert,1,CON-to-WireOut,23494.0,0,0.0,,0.2695316981391827
P12_T14_DEVICE1-5_165,P12,Expert,1,Pre-needle,14239.0,5,0.3511482547931737,396.8,0.1408491107286288
P12_T14_DEVICE1-5_165,P12,Expert,1,Needle-to-Wire,19222.0,5,0.2601186140880241,2576.6,0.1901398698241241
P12_T14_DEVICE1-5_165,P12,Expert,1,Wire-to-NeedleOut,14950.0,0,0.0,,0.14788216907037016
P12_T14_DEVICE1-5_165,P12,Expert,1,NeedleOut-to-CON,13527.0,0,0.0,,0.13380616060300315
P12_T14_DEVICE1-5_165,P12,Expert,1,CON-to-WireOut,26341.0,0,0.0,,0.2605594792964963
P13_T3_DEVICE1-1_169,P13,Novice,1,Pre-needle,52669.0,106,2.0125690633959255,706.877358490566,0.24401758702007495
P13_T3_DEVICE1-1_169,P13,Novice,1,Needle-to-Wire,25127.0,31,1.2337326381979545,539.6451612903226,0.11641439763529635
P13_T3_DEVICE1-1_169,P13,Novice,1,Wire-to-NeedleOut,84493.0,61,0.7219532979063354,921.344262295082,0.3914594539498983
P13_T3_DEVICE1-1_169,P13,Novice,1,NeedleOut-to-CON,12531.0,10,0.7980209081477935,757.2,0.058056625015636514
P13_T3_DEVICE1-1_169,P13,Novice,1,CON-to-WireOut,26076.0,17,0.6519404816689677,1038.235294117647,0.120811152654037
P13_T4_DEVICE1-2_170,P13,Novice,1,Pre-needle,90637.0,108,1.1915663581098226,758.3796296296297,0.40750748590491775
P13_T4_DEVICE1-2_170,P13,Novice,1,Needle-to-Wire,14907.0,6,0.4024954719259408,2184.0,0.0670224532187143
P13_T4_DEVICE1-2_170,P13,Novice,1,Wire-to-NeedleOut,41741.0,4,0.09582904099087229,4202.5,0.1876691634669856
P13_T4_DEVICE1-2_170,P13,Novice,1,NeedleOut-to-CON,18485.0,20,1.0819583446037329,728.2,0.08310928072368244
P13_T4_DEVICE1-2_170,P13,Novice,1,CON-to-WireOut,42337.0,35,0.8267000496020029,1057.2285714285715,0.19034880270481705
P13_T7_DEVICE1-3_173,P13,Novice,0,Pre-needle,51878.0,40,0.771039747098963,1088.925,0.3508090965032695
P13_T7_DEVICE1-3_173,P13,Novice,0,Needle-to-Wire,14311.0,17,1.187897421563832,393.70588235294116,0.0967737572778112
P13_T7_DEVICE1-3_173,P13,Novice,0,Wire-to-NeedleOut,59033.0,32,0.5420696898344993,845.15625,0.399192594045212
P13_T7_DEVICE1-3_173,P13,Novice,0,NeedleOut-to-CON,15504.0,0,0.0,,0.10484105463176473
P13_T10_DEVICE1-4_176,P13,Novice,1,Pre-needle,17626.0,25,1.418359242028821,1087.52,0.1304306000577192
P13_T10_DEVICE1-4_176,P13,Novice,1,Needle-to-Wire,32316.0,13,0.40227750959277137,2740.153846153846,0.23913509993562088
P13_T10_DEVICE1-4_176,P13,Novice,1,Wire-to-NeedleOut,28398.0,11,0.3873512219170364,469.90909090909093,0.2101423000362595
P13_T10_DEVICE1-4_176,P13,Novice,1,NeedleOut-to-CON,11751.0,14,1.1913879669815335,297.85714285714283,0.08695620000443993
P13_T10_DEVICE1-4_176,P13,Novice,1,CON-to-WireOut,31336.0,20,0.6382435537401072,987.6,0.23188320001183985
P13_T13_DEVICE1-5_179,P13,Novice,0,Pre-needle,57776.0,63,1.0904181667128219,363.8253968253968,0.3277791960967861
P13_T13_DEVICE1-5_179,P13,Novice,0,Needle-to-Wire,31336.0,7,0.22338524380903754,772.8571428571429,0.17777777777777778
P13_T13_DEVICE1-5_179,P13,Novice,0,Wire-to-NeedleOut,30357.0,0,0.0,,0.17222364054123054
P13_T13_DEVICE1-5_179,P13,Novice,0,NeedleOut-to-CON,14689.0,0,0.0,,0.08333475165234165
P13_T13_DEVICE1-5_179,P13,Novice,0,CON-to-WireOut,21543.0,0,0.0,,0.1222193855842056
P15_T1_DEVICE1-1_191,P15,Novice,0,Pre-needle,19911.0,15,0.7533524182612625,613.0,0.06328767907034401
P15_T1_DEVICE1-1_191,P15,Novice,0,Needle-to-Wire,120495.0,69,0.5726378687912361,1188.7391304347825,0.3829967801507258
P15_T1_DEVICE1-1_191,P15,Novice,0,Wire-to-NeedleOut,51379.0,2,0.03892640962260846,220.5,0.16330961091633794
P15_T1_DEVICE1-1_191,P15,Novice,0,NeedleOut-to-CON,31761.0,0,0.0,,0.10095324066863523
P15_T1_DEVICE1-1_191,P15,Novice,0,CON-to-WireOut,25897.0,0,0.0,,0.08231435010218968
P15_T5_DEVICE1-2_195,P15,Novice,1,Pre-needle,15355.0,8,0.5210029306414848,393.0,0.09840740859422566
P15_T5_DEVICE1-2_195,P15,Novice,1,Needle-to-Wire,38151.0,50,1.3105816361301144,387.12,0.24450283590220143
P15_T5_DEVICE1-2_195,P15,Novice,1,Wire-to-NeedleOut,54366.0,6,0.11036309458117205,434.1666666666667,0.34842182843592784
P15_T7_DEVICE1-3_197,P15,Novice,1,Pre-needle,12607.0,3,0.2379630364083446,2457.6666666666665,0.10779451750260786
P15_T7_DEVICE1-3_197,P15,Novice,1,Needle-to-Wire,24303.0,40,1.6458873390116446,352.6,0.2077996477247465
P15_T7_DEVICE1-3_197,P15,Novice,1,Wire-to-NeedleOut,26146.0,4,0.15298707259236594,1327.5,0.22355798006053662
P15_T7_DEVICE1-3_197,P15,Novice,1,NeedleOut-to-CON,13682.0,0,0.0,,0.11698616550096619
P15_T7_DEVICE1-3_197,P15,Novice,1,CON-to-WireOut,22004.0,0,0.0,,0.1881423465636062
P15_T10_DEVICE1-4_200,P15,Novice,1,Pre-needle,8240.0,6,0.7281553398058253,474.0,0.07264264052471965
P15_T10_DEVICE1-4_200,P15,Novice,1,Needle-to-Wire,16647.0,17,1.0212050219258726,492.47058823529414,0.14675752873968545
P15_T10_DEVICE1-4_200,P15,Novice,1,Wire-to-NeedleOut,33782.0,2,0.059203125925048845,812.0,0.2978171944424854
P15_T10_DEVICE1-4_200,P15,Novice,1,NeedleOut-to-CON,7512.0,0,0.0,,0.0662246984977784
P15_T10_DEVICE1-4_200,P15,Novice,1,CON-to-WireOut,25834.0,0,0.0,,0.2277487834120883
P15_T14_DEVICE1-5_204,P15,Novice,1,Pre-needle,17070.0,23,1.3473930872876392,223.04347826086956,0.10786389055638053
P15_T14_DEVICE1-5_204,P15,Novice,1,Needle-to-Wire,23032.0,33,1.432789162903786,302.45454545454544,0.14553726580518783
P15_T14_DEVICE1-5_204,P15,Novice,1,Wire-to-NeedleOut,61116.0,3,0.0490869821323385,694.6666666666666,0.38618685033648226
P16_T3_DEVICE1-1_208,P16,Intermediate,0,Pre-needle,41146.0,23,0.5589850775287999,1393.8695652173913,0.11652261579764157
P16_T3_DEVICE1-1_208,P16,Intermediate,0,Needle-to-Wire,154283.0,228,1.477803776177544,715.9912280701755,0.436918746247692
P16_T4_DEVICE1-2_209,P16,Intermediate,0,Pre-needle,84053.0,80,0.9517804242561242,1451.575,0.2040260017671104
P16_T4_DEVICE1-2_209,P16,Intermediate,0,Needle-to-Wire,71138.0,57,0.8012595237425848,1861.5263157894738,0.1726767838590972
P16_T4_DEVICE1-2_209,P16,Intermediate,0,Wire-to-NeedleOut,30461.0,2,0.06565772627293917,411.0,0.0739394910333712
P16_T4_DEVICE1-2_209,P16,Intermediate,0,NeedleOut-to-CON,19470.0,2,0.10272213662044172,501.0,0.047260493431592436
P16_T4_DEVICE1-2_209,P16,Intermediate,0,CON-to-WireOut,197254.0,174,0.8821113893761343,1100.442528735632,0.4788043847640131
P16_T9_DEVICE1-3_214,P16,Intermediate,1,Pre-needle,27484.0,9,0.32746325134623777,1217.5555555555557,0.11214480406078114
P16_T9_DEVICE1-3_214,P16,Intermediate,1,Needle-to-Wire,74923.0,90,1.2012332661532505,1127.7888888888888,0.30571332974261045
P16_T9_DEVICE1-3_214,P16,Intermediate,1,Wire-to-NeedleOut,32031.0,30,0.936592675845275,932.2,0.13069823238505607
P16_T9_DEVICE1-3_214,P16,Intermediate,1,NeedleOut-to-CON,12411.0,11,0.8863105309805818,894.2727272727273,0.0506414336777163
P16_T9_DEVICE1-3_214,P16,Intermediate,1,CON-to-WireOut,74279.0,93,1.252036241737234,732.9032258064516,0.30308557345476506
P16_T14_DEVICE1-5_219,P16,Intermediate,0,Pre-needle,37269.0,20,0.5366390297566342,927.65,0.11697629965819531
P16_T14_DEVICE1-5_219,P16,Intermediate,0,Needle-to-Wire,132866.0,102,0.7676907561001309,944.0196078431372,0.41702683276679753
P16_T14_DEVICE1-5_219,P16,Intermediate,0,Wire-to-NeedleOut,29872.0,0,0.0,,0.09375931802274304
P16_T14_DEVICE1-5_219,P16,Intermediate,0,NeedleOut-to-CON,14715.0,0,0.0,,0.04618600578148982
P16_T14_DEVICE1-5_219,P16,Intermediate,0,CON-to-WireOut,82409.0,0,0.0,,0.25865732588833124
P17_T2_DEVICE1-1_222,P17,Novice,1,Pre-needle,42711.0,21,0.4916766172648732,713.6190476190476,0.14308830328247804
P17_T2_DEVICE1-1_222,P17,Novice,1,Needle-to-Wire,67938.0,156,2.296211251435132,211.81410256410257,0.2276025648756759
P17_T2_DEVICE1-1_222,P17,Novice,1,Wire-to-NeedleOut,44048.0,5,0.1135125317835089,1001.8,0.14756745529223367
P17_T2_DEVICE1-1_222,P17,Novice,1,NeedleOut-to-CON,17105.0,3,0.17538731365097923,4014.0,0.05730433442548259
P17_T2_DEVICE1-1_222,P17,Novice,1,CON-to-WireOut,67330.0,4,0.05940888162780336,3651.75,0.22556567301185285
P17_T6_DEVICE1-2_226,P17,Novice,1,Pre-needle,25630.0,7,0.2731174404994148,1402.5714285714287,0.052386840948808876
P17_T6_DEVICE1-2_226,P17,Novice,1,Needle-to-Wire,270920.0,251,0.9264727594861951,578.4422310756972,0.5537511880550644
P17_T6_DEVICE1-2_226,P17,Novice,1,Wire-to-NeedleOut,31310.0,1,0.031938677738741615,280.0,0.06399656613762021
P17_T6_DEVICE1-2_226,P17,Novice,1,NeedleOut-to-CON,9045.0,0,0.0,,0.018487669776901142
P17_T6_DEVICE1-2_226,P17,Novice,1,CON-to-WireOut,83245.0,0,0.0,,0.17014992488426045
P17_T9_DEVICE1-3_229,P17,Novice,1,Pre-needle,33792.0,22,0.6510416666666666,905.1818181818181,0.18928229343460654
P17_T9_DEVICE1-3_229,P17,Novice,1,Needle-to-Wire,22738.0,6,0.26387545078722846,2133.8333333333335,0.12736448828468522
P17_T9_DEVICE1-3_229,P17,Novice,1,Wire-to-NeedleOut,23696.0,0,0.0,,0.13273062337909672
P17_T9_DEVICE1-3_229,P17,Novice,1,NeedleOut-to-CON,10962.0,0,0.0,,0.06140247693626174
P17_T9_DEVICE1-3_229,P17,Novice,1,CON-to-WireOut,59601.0,0,0.0,,0.3338486615469929
P17_T11_DEVICE1-4_231,P17,Novice,1,Pre-needle,11583.0,14,1.208667875334542,860.1428571428571,0.07037102291022425
P17_T11_DEVICE1-4_231,P17,Novice,1,Needle-to-Wire,34488.0,16,0.4639294827186268,1699.3125,0.2095273968857648
P17_T11_DEVICE1-4_231,P17,Novice,1,Wire-to-NeedleOut,19336.0,4,0.2068680182043856,901.75,0.11747337468635898
P17_T11_DEVICE1-4_231,P17,Novice,1,NeedleOut-to-CON,12200.0,4,0.3278688524590164,766.25,0.07411952685010237
P17_T11_DEVICE1-4_231,P17,Novice,1,CON-to-WireOut,67327.0,151,2.24278521247048,258.2251655629139,0.4090365069046592
P17_T14_DEVICE1-5_234,P17,Novice,1,Pre-needle,34947.0,24,0.686754227830715,1495.25,0.1931936912284193
P17_T14_DEVICE1-5_234,P17,Novice,1,Needle-to-Wire,18762.0,31,1.652275876772199,741.9677419354839,0.10371991973066653
P17_T14_DEVICE1-5_234,P17,Novice,1,Wire-to-NeedleOut,27114.0,32,1.180202109611271,669.34375,0.1498913710466524
P17_T14_DEVICE1-5_234,P17,Novice,1,NeedleOut-to-CON,8529.0,8,0.9379763160980186,871.5,0.04714994112476574
P17_T14_DEVICE1-5_234,P17,Novice,1,CON-to-WireOut,35994.0,28,0.7779074290159471,737.6785714285714,0.1989817072159477
P18_T1_DEVICE1-1_236,P18,Novice,1,Pre-needle,32782.0,48,1.4642181685071076,571.0625,0.13789419222404967
P18_T1_DEVICE1-1_236,P18,Novice,1,Needle-to-Wire,49172.0,28,0.5694297567721468,822.8928571428571,0.20683708193645814
P18_T1_DEVICE1-1_236,P18,Novice,1,Wire-to-NeedleOut,46505.0,9,0.19352757767981937,393.8888888888889,0.1956186141595824
P18_T5_DEVICE1-2_240,P18,Novice,1,Pre-needle,23212.0,28,1.2062726176115803,425.0357142857143,0.14265696445252962
P18_T5_DEVICE1-2_240,P18,Novice,1,Needle-to-Wire,29887.0,30,1.0037809080871283,632.5,0.1836803677663602
P18_T5_DEVICE1-2_240,P18,Novice,1,Wire-to-NeedleOut,23519.0,0,0.0,,0.14454373371355525
P18_T5_DEVICE1-2_240,P18,Novice,1,NeedleOut-to-CON,12194.0,0,0.0,,0.07494222921480899
P18_T5_DEVICE1-2_240,P18,Novice,1,CON-to-WireOut,47895.0,0,0.0,,0.2943544422046315
P18_T7_DEVICE1-3_242,P18,Novice,1,Pre-needle,47513.0,10,0.21046871382568982,1392.4,0.17157910702162388
P18_T7_DEVICE1-3_242,P18,Novice,1,Needle-to-Wire,29673.0,8,0.2696053651467664,2261.5,0.1071552384116483
P18_T7_DEVICE1-3_242,P18,Novice,1,Wire-to-NeedleOut,20684.0,0,0.0,,0.07469413107223852
P18_T7_DEVICE1-3_242,P18,Novice,1,NeedleOut-to-CON,7632.0,0,0.0,,0.027560704329110633
P18_T7_DEVICE1-3_242,P18,Novice,1,CON-to-WireOut,129727.0,7,0.05395946873048787,847.1428571428571,0.46847058313712464
P18_T10_DEVICE1-4_245,P18,Novice,0,Pre-needle,23487.0,9,0.3831907012389833,703.3333333333334,0.11149351080898898
P18_T10_DEVICE1-4_245,P18,Novice,0,Needle-to-Wire,32454.0,8,0.24650274234300856,3245.875,0.1540601353853165
P18_T10_DEVICE1-4_245,P18,Novice,0,Wire-to-NeedleOut,18249.0,0,0.0,,0.08662856383332225
P18_T10_DEVICE1-4_245,P18,Novice,0,NeedleOut-to-CON,10515.0,0,0.0,,0.049915028149892245
P18_T10_DEVICE1-4_245,P18,Novice,0,CON-to-WireOut,98944.0,0,0.0,,0.4696902087744116
P18_T14_DEVICE1-5_249,P18,Novice,1,Pre-needle,23262.0,4,0.17195426016679563,1738.25,0.15004934560630592
P18_T14_DEVICE1-5_249,P18,Novice,1,Needle-to-Wire,46882.0,1,0.021330148031227337,41275.0,0.3024079365796077
P18_T14_DEVICE1-5_249,P18,Novice,1,Wire-to-NeedleOut,21979.0,0,0.0,,0.1417734746402286
P18_T14_DEVICE1-5_249,P18,Novice,1,NeedleOut-to-CON,8034.0,0,0.0,,0.0518225622302924
P18_T14_DEVICE1-5_249,P18,Novice,1,CON-to-WireOut,31587.0,0,0.0,,0.20374897599803907
P19_T3_DEVICE1-1_253,P19,Novice,1,Pre-needle,50168.0,25,0.49832562589698615,3023.88,0.14029161236919668
P19_T3_DEVICE1-1_253,P19,Novice,1,Needle-to-Wire,88124.0,34,0.3858199809359539,4958.911764705882,0.2464331455992483
P19_T3_DEVICE1-1_253,P19,Novice,1,Wire-to-NeedleOut,132008.0,47,0.3560390279377007,1561.5531914893618,0.3691519527514136
P19_T4_DEVICE1-2_254,P19,Novice,0,Pre-needle,12778.0,4,0.3130380341211457,9146.5,0.030492781291015392
P19_T4_DEVICE1-2_254,P19,Novice,0,Needle-to-Wire,242138.0,121,0.49971503853174637,3098.115702479339,0.5778260350793462
P19_T4_DEVICE1-2_254,P19,Novice,0,Wire-to-NeedleOut,32153.0,4,0.12440518769632694,4878.75,0.07672831404367021
P19_T4_DEVICE1-2_254,P19,Novice,0,NeedleOut-to-CON,13852.0,0,0.0,,0.03305572127431094
P19_T4_DEVICE1-2_254,P19,Novice,0,CON-to-WireOut,99741.0,16,0.16041547608305512,1248.4375,0.23801694308555066
P19_T9_DEVICE1-3_259,P19,Novice,1,Pre-needle,38083.0,9,0.2363259197017042,2399.6666666666665,0.06422524284943334
P19_T9_DEVICE1-3_259,P19,Novice,1,Needle-to-Wire,373087.0,58,0.1554597185106959,3404.0689655172414,0.6291942120885051
P19_T9_DEVICE1-3_259,P19,Novice,1,Wire-to-NeedleOut,19465.0,0,0.0,,0.03282683486238532
P19_T11_DEVICE1-4_261,P19,Novice,1,Pre-needle,57497.0,32,0.5565507765622554,1030.5,0.2151688883233914
P19_T11_DEVICE1-4_261,P19,Novice,1,Needle-to-Wire,116272.0,10,0.08600522911793036,4223.7,0.4351203885965766
P19_T11_DEVICE1-4_261,P19,Novice,1,Wire-to-NeedleOut,24376.0,0,0.0,,0.09122139975600446
P19_T11_DEVICE1-4_261,P19,Novice,1,NeedleOut-to-CON,9736.0,0,0.0,,0.036434671317052
P19_T11_DEVICE1-4_261,P19,Novice,1,CON-to-WireOut,48628.0,0,0.0,,0.18197875891594129
P19_T15_DEVICE1-5_265,P19,Novice,1,Pre-needle,25390.0,3,0.11815675462780623,5449.666666666667,0.13966050231575705
P19_T15_DEVICE1-5_265,P19,Novice,1,Needle-to-Wire,68220.0,38,0.5570214013485781,1612.9736842105262,0.3752516529334756
P19_T15_DEVICE1-5_265,P19,Novice,1,Wire-to-NeedleOut,21518.0,3,0.1394181615391765,3493.0,0.1183621381973399
P19_T15_DEVICE1-5_265,P19,Novice,1,NeedleOut-to-CON,9249.0,1,0.10811979673478213,1482.0,0.05087514714133269
P19_T15_DEVICE1-5_265,P19,Novice,1,CON-to-WireOut,46469.0,8,0.17215778260776002,3361.0,0.2556078724738446
P2_T2_DEVICE1-1_17,P2,Intermediate,1,Pre-needle,57444.0,4,0.06963303391128751,2379.5,0.24736887434329516
P2_T2_DEVICE1-1_17,P2,Intermediate,1,Needle-to-Wire,51443.0,4,0.0777559629104057,2609.75,0.22152700025837568
P2_T2_DEVICE1-1_17,P2,Intermediate,1,Wire-to-NeedleOut,20312.0,0,0.0,,0.08746877960554647
P2_T2_DEVICE1-1_17,P2,Intermediate,1,NeedleOut-to-CON,15182.0,0,0.0,,0.06537765911635518
P2_T2_DEVICE1-1_17,P2,Intermediate,1,CON-to-WireOut,37347.0,0,0.0,,0.1608259409180949
P2_T9_DEVICE1-3_24,P2,Intermediate,1,Pre-needle,63188.0,0,0.0,,0.31944430401504503
P2_T9_DEVICE1-3_24,P2,Intermediate,1,Needle-to-Wire,21979.0,2,0.09099595068019474,6171.5,0.11111391969909912
P2_T9_DEVICE1-3_24,P2,Intermediate,1,Wire-to-NeedleOut,30220.0,0,0.0,,0.15277595219558557
P2_T9_DEVICE1-3_24,P2,Intermediate,1,NeedleOut-to-CON,30220.0,0,0.0,,0.15277595219558557
P2_T9_DEVICE1-3_24,P2,Intermediate,1,CON-to-WireOut,21979.0,0,0.0,,0.11111391969909912
P20_T3_DEVICE1-1_268,P20,Novice,1,Pre-needle,12228.0,28,2.289826627412496,141.0,0.08354456324941072
P20_T3_DEVICE1-1_268,P20,Novice,1,Needle-to-Wire,24584.0,26,1.0575984380084609,504.7307692307692,0.16796365251255424
P20_T3_DEVICE1-1_268,P20,Novice,1,Wire-to-NeedleOut,16629.0,0,0.0,,0.1136132272059577
P20_T3_DEVICE1-1_268,P20,Novice,1,NeedleOut-to-CON,10277.0,0,0.0,,0.07021487377446795
P20_T3_DEVICE1-1_268,P20,Novice,1,CON-to-WireOut,43937.0,0,0.0,,0.3001878864482629
P20_T4_DEVICE1-2_269,P20,Novice,1,Pre-needle,47017.0,43,0.9145628177042345,244.51162790697674,0.24994949656044996
P20_T4_DEVICE1-2_269,P20,Novice,1,Needle-to-Wire,37568.0,45,1.1978279386712096,472.35555555555555,0.19971718073851977
P20_T4_DEVICE1-2_269,P20,Novice,1,Wire-to-NeedleOut,41205.0,45,1.0921004732435384,197.55555555555554,0.21905202385888808
P20_T4_DEVICE1-2_269,P20,Novice,1,NeedleOut-to-CON,6451.0,0,0.0,,0.03429449353024359
P20_T4_DEVICE1-2_269,P20,Novice,1,CON-to-WireOut,33535.0,0,0.0,,0.17827714161164449
P20_T7_DEVICE1-3_272,P20,Novice,1,Pre-needle,18775.0,15,0.7989347536617843,102.8,0.1662136919358694
P20_T7_DEVICE1-3_272,P20,Novice,1,Needle-to-Wire,17152.0,4,0.23320895522388058,215.5,0.15184539249448906
P20_T7_DEVICE1-3_272,P20,Novice,1,Wire-to-NeedleOut,9929.0,0,0.0,,0.08790070557822888
P20_T7_DEVICE1-3_272,P20,Novice,1,NeedleOut-to-CON,7966.0,0,0.0,,0.07052241118301654
P20_T7_DEVICE1-3_272,P20,Novice,1,CON-to-WireOut,37226.0,0,0.0,,0.3295590357392636
P20_T10_DEVICE1-4_275,P20,Novice,1,Pre-needle,11705.0,9,0.7689021785561726,945.8888888888889,0.08274131410596261
P20_T10_DEVICE1-4_275,P20,Novice,1,Needle-to-Wire,24362.0,25,1.0261883260816025,675.64,0.17221220796663486
P20_T10_DEVICE1-4_275,P20,Novice,1,Wire-to-NeedleOut,13334.0,0,0.0,,0.09425652988371681
P20_T10_DEVICE1-4_275,P20,Novice,1,NeedleOut-to-CON,9608.0,0,0.0,,0.06791785954122928
P20_T10_DEVICE1-4_275,P20,Novice,1,CON-to-WireOut,68129.0,0,0.0,,0.48159615452585447
P20_T13_DEVICE1-5_278,P20,Novice,1,Pre-needle,8453.0,2,0.23660238968413583,280.5,0.07585928385533519
P20_T13_DEVICE1-5_278,P20,Novice,1,Needle-to-Wire,21678.0,1,0.04612971676353907,19495.0,0.19454365969667056
P20_T13_DEVICE1-5_278,P20,Novice,1,Wire-to-NeedleOut,11393.0,0,0.0,,0.10224356097998744
P20_T13_DEVICE1-5_278,P20,Novice,1,NeedleOut-to-CON,8463.0,0,0.0,,0.07594902629453469
P20_T13_DEVICE1-5_278,P20,Novice,1,CON-to-WireOut,45930.0,10,0.21772262138036141,308.5,0.41218702324329176
P21_T1_DEVICE1-1_282,P21,Novice,0,Pre-needle,40455.0,6,0.14831294030404155,1753.5,0.19711358088453837
P21_T1_DEVICE1-1_282,P21,Novice,0,Needle-to-Wire,22481.0,5,0.22241003514078553,2244.0,0.1095367794306095
P21_T1_DEVICE1-1_282,P21,Novice,0,Wire-to-NeedleOut,26345.0,0,0.0,,0.1283637940527293
P21_T1_DEVICE1-1_282,P21,Novice,0,NeedleOut-to-CON,15603.0,0,0.0,,0.07602430360997287
P21_T5_DEVICE1-2_286,P21,Novice,1,Pre-needle,5532.0,1,0.18076644974692696,80.0,0.050274455632702025
P21_T5_DEVICE1-2_286,P21,Novice,1,Needle-to-Wire,18172.0,4,0.2201188641866608,3240.75,0.1651459522338144
P21_T5_DEVICE1-2_286,P21,Novice,1,Wire-to-NeedleOut,25627.0,0,0.0,,0.2328965065978407
P21_T5_DEVICE1-2_286,P21,Novice,1,NeedleOut-to-CON,11559.0,0,0.0,,0.10504743901995711
P21_T5_DEVICE1-2_286,P21,Novice,1,CON-to-WireOut,38311.0,0,0.0,,0.34816787233269114
P21_T9_DEVICE1-3_290,P21,Novice,1,Pre-needle,19366.0,8,0.41309511515026337,744.0,0.1502358344194129
P21_T9_DEVICE1-3_290,P21,Novice,1,Needle-to-Wire,17888.0,5,0.2795169946332737,2484.2,0.1387699373176938
P21_T9_DEVICE1-3_290,P21,Novice,1,Wire-to-NeedleOut,25359.0,0,0.0,,0.19672779743064606
P21_T9_DEVICE1-3_290,P21,Novice,1,NeedleOut-to-CON,16485.0,0,0.0,,0.12788586855334202
P21_T9_DEVICE1-3_290,P21,Novice,1,CON-to-WireOut,35174.0,0,0.0,,0.27286973251411906
P21_T12_DEVICE1-4_293,P21,Novice,1,Pre-needle,7186.0,5,0.6957973838018369,633.0,0.06550950826845589
P21_T12_DEVICE1-4_293,P21,Novice,1,Needle-to-Wire,23676.0,5,0.2111843216759588,3186.0,0.21583678232173137
P21_T12_DEVICE1-4_293,P21,Novice,1,Wire-to-NeedleOut,22670.0,0,0.0,,0.2066658158149033
P21_T12_DEVICE1-4_293,P21,Novice,1,NeedleOut-to-CON,13181.0,0,0.0,,0.12016154028479224
P21_T12_DEVICE1-4_293,P21,Novice,1,CON-to-WireOut,26821.0,0,0.0,,0.24450744799168597
P21_T15_DEVICE1-5_296,P21,Novice,1,Pre-needle,12442.0,2,0.16074586079408454,2925.0,0.09887158296249206
P21_T15_DEVICE1-5_296,P21,Novice,1,Needle-to-Wire,34266.0,6,0.17510068289266328,4388.166666666667,0.27229815638906546
P21_T15_DEVICE1-5_296,P21,Novice,1,Wire-to-NeedleOut,20576.0,0,0.0,,0.1635092180546726
P21_T15_DEVICE1-5_296,P21,Novice,1,NeedleOut-to-CON,10924.0,0,0.0,,0.08680864589955499
P21_T15_DEVICE1-5_296,P21,Novice,1,CON-to-WireOut,29996.0,0,0.0,,0.23836617927527018
P22_T6_DEVICE1-2_302,P22,Novice,1,Pre-needle,50735.0,6,0.11826155513945008,1392.5,0.31082861081329455
P22_T6_DEVICE1-2_302,P22,Novice,1,Needle-to-Wire,35665.0,25,0.7009673349221927,646.68,0.21850206769796293
P22_T6_DEVICE1-2_302,P22,Novice,1,Wire-to-NeedleOut,18629.0,0,0.0,,0.11413080104150712
P22_T6_DEVICE1-2_302,P22,Novice,1,NeedleOut-to-CON,12581.0,0,0.0,,0.0770776535457191
P22_T6_DEVICE1-2_302,P22,Novice,1,CON-to-WireOut,35041.0,0,0.0,,0.21467912390871496
P22_T9_DEVICE1-3_305,P22,Novice,1,Pre-needle,23146.0,12,0.5184481119847921,499.3333333333333,0.14699699604341449
P22_T9_DEVICE1-3_305,P22,Novice,1,Needle-to-Wire,19374.0,14,0.7226179415711779,596.7142857142857,0.12304155367428982
P22_T9_DEVICE1-3_305,P22,Novice,1,Wire-to-NeedleOut,11549.0,0,0.0,,0.07334607739157495
P22_T9_DEVICE1-3_305,P22,Novice,1,NeedleOut-to-CON,18964.0,0,0.0,,0.12043770124286322
P22_T9_DEVICE1-3_305,P22,Novice,1,CON-to-WireOut,71488.0,11,0.15387197851387646,1160.2727272727273,0.4540102502873764
P22_T11_DEVICE1-4_307,P22,Novice,1,Pre-needle,22428.0,8,0.35669698591046906,1144.5,0.10780930040281878
P22_T11_DEVICE1-4_307,P22,Novice,1,Needle-to-Wire,15492.0,6,0.3872966692486444,1075.1666666666667,0.07446859647942164
P22_T11_DEVICE1-4_307,P22,Novice,1,Wire-to-NeedleOut,19958.0,0,0.0,,0.09593624119134372
P22_T11_DEVICE1-4_307,P22,Novice,1,NeedleOut-to-CON,103730.0,0,0.0,,0.4986204178163185
P22_T11_DEVICE1-4_307,P22,Novice,1,CON-to-WireOut,30380.0,0,0.0,,0.14603382139457974
P22_T14_DEVICE1-5_310,P22,Novice,1,Pre-needle,50682.0,15,0.29596306380963655,873.6,0.2795631308952507
P22_T14_DEVICE1-5_310,P22,Novice,1,Needle-to-Wire,27739.0,8,0.2884026100436209,1254.875,0.15300899111920127
P22_T14_DEVICE1-5_310,P22,Novice,1,Wire-to-NeedleOut,24037.0,0,0.0,,0.13258867008660158
P22_T14_DEVICE1-5_310,P22,Novice,1,NeedleOut-to-CON,24143.0,0,0.0,,0.13317336863588725
P22_T14_DEVICE1-5_310,P22,Novice,1,CON-to-WireOut,38424.0,0,0.0,,0.21194770809200728
P23_T3_DEVICE1-1_314,P23,Novice,1,Pre-needle,35015.0,3,0.0856775667571041,995.3333333333334,0.1864404072243994
P23_T3_DEVICE1-1_314,P23,Novice,1,Needle-to-Wire,24091.0,2,0.08301855464696359,7774.0,0.128274620889419
P23_T3_DEVICE1-1_314,P23,Novice,1,Wire-to-NeedleOut,21731.0,0,0.0,,0.11570859601294939
P23_T3_DEVICE1-1_314,P23,Novice,1,NeedleOut-to-CON,12933.0,0,0.0,,0.06886288124041574
P23_T3_DEVICE1-1_314,P23,Novice,1,CON-to-WireOut,64539.0,0,0.0,,0.3436435082637587
P23_T4_DEVICE1-2_315,P23,Novice,1,Pre-needle,25398.0,1,0.03937317899047169,661.0,0.1468865125586291
P23_T4_DEVICE1-2_315,P23,Novice,1,Needle-to-Wire,20202.0,1,0.0495000495000495,9837.0,0.11683602357309336
P23_T4_DEVICE1-2_315,P23,Novice,1,Wire-to-NeedleOut,15864.0,0,0.0,,0.09174768230687819
P23_T4_DEVICE1-2_315,P23,Novice,1,NeedleOut-to-CON,12186.0,0,0.0,,0.07047637774783268
P23_T4_DEVICE1-2_315,P23,Novice,1,CON-to-WireOut,82554.0,0,0.0,,0.4774418913995223
P23_T9_DEVICE1-3_320,P23,Novice,0,Pre-needle,9469.0,1,0.10560777273207309,2485.0,0.025527383503848384
P23_T9_DEVICE1-3_320,P23,Novice,0,Needle-to-Wire,66495.0,5,0.07519362358072035,10077.8,0.1792632132314287
P23_T9_DEVICE1-3_320,P23,Novice,0,Wire-to-NeedleOut,11280.0,0,0.0,,0.030409640503053094
P23_T9_DEVICE1-3_320,P23,Novice,0,NeedleOut-to-CON,9331.0,0,0.0,,0.025155350667906775
P23_T9_DEVICE1-3_320,P23,Novice,0,CON-to-WireOut,226400.0,15,0.06625441696113074,1337.1333333333334,0.610349522153477
P23_T11_DEVICE1-4_322,P23,Novice,1,Pre-needle,42746.0,10,0.23394001777944134,985.7,0.24007188789980624
P23_T11_DEVICE1-4_322,P23,Novice,1,Needle-to-Wire,26592.0,3,0.1128158844765343,4995.666666666667,0.14934711184746285
P23_T11_DEVICE1-4_322,P23,Novice,1,Wire-to-NeedleOut,9963.0,0,0.0,,0.05595462076324731
P23_T11_DEVICE1-4_322,P23,Novice,1,NeedleOut-to-CON,10605.0,0,0.0,,0.05956024823790402
P23_T11_DEVICE1-4_322,P23,Novice,1,CON-to-WireOut,67407.0,0,0.0,,0.3785740361124372
P23_T13_DEVICE1-5_324,P23,Novice,0,Pre-needle,23866.0,2,0.08380122349786306,2164.0,0.0752094842228994
P23_T13_DEVICE1-5_324,P23,Novice,0,Needle-to-Wire,17325.0,1,0.05772005772005772,12222.0,0.05459667787487355
P23_T13_DEVICE1-5_324,P23,Novice,0,Wire-to-NeedleOut,22001.0,0,0.0,,0.06933226608514245
P23_T13_DEVICE1-5_324,P23,Novice,0,NeedleOut-to-CON,8461.0,0,0.0,,0.026663347272687165
P23_T13_DEVICE1-5_324,P23,Novice,0,CON-to-WireOut,151362.0,24,0.1585602727236691,1534.5,0.4769906122075966
P23_T14_DEVICE1-5_325,P23,Novice,1,Pre-needle,30064.0,9,0.29936136242682276,759.1111111111111,0.18741623185153322
P23_T14_DEVICE1-5_325,P23,Novice,1,Needle-to-Wire,29479.0,2,0.06784490654364124,9527.5,0.18376939524851477
P23_T14_DEVICE1-5_325,P23,Novice,1,Wire-to-NeedleOut,18218.0,0,0.0,,0.11356934911759022
P23_T14_DEVICE1-5_325,P23,Novice,1,NeedleOut-to-CON,12569.0,1,0.07956082425013923,2144.0,0.07835399874075044
P23_T14_DEVICE1-5_325,P23,Novice,1,CON-to-WireOut,52599.0,0,0.0,,0.32789736492678273
P24_T3_DEVICE1-1_330,P24,Intermediate,1,Pre-needle,18615.0,55,2.9546065001343007,226.9090909090909,0.1895910780669145
P24_T3_DEVICE1-1_330,P24,Intermediate,1,Needle-to-Wire,11221.0,29,2.584439889492915,168.51724137931035,0.11428425930641137
P24_T3_DEVICE1-1_330,P24,Intermediate,1,Wire-to-NeedleOut,17665.0,21,1.1887913954146618,219.28571428571428,0.1799154657025004
P24_T3_DEVICE1-1_330,P24,Intermediate,1,NeedleOut-to-CON,10075.0,0,0.0,,0.10261241533839181
P24_T3_DEVICE1-1_330,P24,Intermediate,1,CON-to-WireOut,19508.0,0,0.0,,0.19868615368946377
P24_T4_DEVICE1-2_331,P24,Intermediate,1,Pre-needle,7973.0,15,1.881349554747272,173.53333333333333,0.10854116750163363
P24_T4_DEVICE1-2_331,P24,Intermediate,1,Needle-to-Wire,8243.0,0,0.0,,0.11221683729035069
P24_T4_DEVICE1-2_331,P24,Intermediate,1,Wire-to-NeedleOut,12784.0,13,1.0168961201501876,143.30769230769232,0.17403615769984754
P24_T4_DEVICE1-2_331,P24,Intermediate,1,NeedleOut-to-CON,10625.0,20,1.8823529411764706,153.15,0.14464441298192116
P24_T4_DEVICE1-2_331,P24,Intermediate,1,CON-to-WireOut,19947.0,18,0.9023913370431644,172.61111111111111,0.27155031583533
P24_T11_DEVICE1-4_338,P24,Intermediate,1,Pre-needle,18135.0,13,0.7168458781362007,97.15384615384616,0.1625626361411655
P24_T11_DEVICE1-4_338,P24,Intermediate,1,Needle-to-Wire,34999.0,51,1.4571844909854565,170.50980392156862,0.3137319935100442
P24_T11_DEVICE1-4_338,P24,Intermediate,1,Wire-to-NeedleOut,14434.0,0,0.0,,0.12938677088842476
P24_T11_DEVICE1-4_338,P24,Intermediate,1,NeedleOut-to-CON,8687.0,0,0.0,,0.07787050566078328
P24_T11_DEVICE1-4_338,P24,Intermediate,1,CON-to-WireOut,21139.0,0,0.0,,0.18949057432523284
P24_T14_DEVICE1-5_341,P24,Intermediate,1,Pre-needle,19853.0,4,0.20148088450108295,686.25,0.167745369744491
P24_T14_DEVICE1-5_341,P24,Intermediate,1,Needle-to-Wire,18571.0,3,0.1615421894351408,2471.0,0.15691327565229146
P24_T14_DEVICE1-5_341,P24,Intermediate,1,Wire-to-NeedleOut,11078.0,0,0.0,,0.09360213600108153
P25_T1_DEVICE1-1_343,P25,Novice,0,Pre-needle,26753.0,22,0.8223376817553172,919.7272727272727,0.08756402913018575
P25_T1_DEVICE1-1_343,P25,Novice,0,Needle-to-Wire,99393.0,34,0.34207640377088927,2564.529411764706,0.3253187136895508
P25_T1_DEVICE1-1_343,P25,Novice,0,Wire-to-NeedleOut,100446.0,0,0.0,,0.32876524016037967
P25_T7_DEVICE1-3_349,P25,Novice,1,Pre-needle,20431.0,6,0.293671381723851,2207.1666666666665,0.08946446556027499
P25_T7_DEVICE1-3_349,P25,Novice,1,Needle-to-Wire,20643.0,1,0.048442571331686286,13444.0,0.09039278364058326
P25_T7_DEVICE1-3_349,P25,Novice,1,Wire-to-NeedleOut,102405.0,0,0.0,,0.4484170425187196
P25_T7_DEVICE1-3_349,P25,Novice,1,NeedleOut-to-CON,17997.0,0,0.0,,0.07880632307220738
P25_T7_DEVICE1-3_349,P25,Novice,1,CON-to-WireOut,32172.0,0,0.0,,0.1408766475456496
P25_T10_DEVICE1-4_352,P25,Novice,1,Pre-needle,29988.0,3,0.10004001600640257,1456.0,0.15248652496694803
P25_T10_DEVICE1-4_352,P25,Novice,1,Needle-to-Wire,29601.0,4,0.13513056991317862,4192.25,0.15051866164954744
P25_T10_DEVICE1-4_352,P25,Novice,1,Wire-to-NeedleOut,66076.0,3,0.04540226405956777,3178.6666666666665,0.33599105054408623
P25_T10_DEVICE1-4_352,P25,Novice,1,NeedleOut-to-CON,14609.0,0,0.0,,0.07428556900233907
P25_T10_DEVICE1-4_352,P25,Novice,1,CON-to-WireOut,39147.0,0,0.0,,0.19905929014542867
P25_T14_DEVICE1-5_356,P25,Novice,1,Pre-needle,8511.0,2,0.23499001292445074,3015.5,0.049126958930993676
P25_T14_DEVICE1-5_356,P25,Novice,1,Needle-to-Wire,42804.0,2,0.04672460517708625,13133.5,0.24707206557187797
P25_T14_DEVICE1-5_356,P25,Novice,1,Wire-to-NeedleOut,38203.0,0,0.0,,0.22051430055701463
P25_T14_DEVICE1-5_356,P25,Novice,1,NeedleOut-to-CON,11122.0,0,0.0,,0.06419810095529453
P25_T14_DEVICE1-5_356,P25,Novice,1,CON-to-WireOut,55122.0,0,0.0,,0.31817368466622414
P26_T6_DEVICE1-1_364,P26,Novice,1,Pre-needle,27251.0,176,6.458478587941727,534.7840909090909,0.05037358265955362
P26_T6_DEVICE1-1_364,P26,Novice,1,Needle-to-Wire,329252.0,1757,5.336338123990135,533.0478087649402,0.6086236408874298
P26_T6_DEVICE1-1_364,P26,Novice,1,Wire-to-NeedleOut,79078.0,182,2.30152507650674,927.967032967033,0.1461759997633915
P26_T6_DEVICE1-1_364,P26,Novice,1,NeedleOut-to-CON,18863.0,24,1.2723320786725336,851.5833333333334,0.03486833105967341
P26_T6_DEVICE1-1_364,P26,Novice,1,CON-to-WireOut,75377.0,175,2.3216631067832365,701.7257142857143,0.13933468643826552
P26_T7_DEVICE1-2_365,P26,Novice,0,Pre-needle,30353.0,87,2.866273514973808,418.8390804597701,0.10181641312916156
P26_T7_DEVICE1-2_365,P26,Novice,0,Needle-to-Wire,23384.0,134,5.7304139582620595,419.9925373134328,0.07843952836992436
P26_T7_DEVICE1-2_365,P26,Novice,0,Wire-to-NeedleOut,96647.0,272,2.8143656812937805,575.4926470588235,0.324193683645573
P26_T7_DEVICE1-2_365,P26,Novice,0,NeedleOut-to-CON,45655.0,89,1.949403132187055,1240.8426966292134,0.15314559817520085
P26_T12_DEVICE1-3_370,P26,Novice,0,Pre-needle,28695.0,69,2.4046001045478307,993.695652173913,0.12322061191626409
P26_T12_DEVICE1-3_370,P26,Novice,0,Needle-to-Wire,33953.0,75,2.208935881954466,951.9066666666666,0.1457992485238862
P26_T12_DEVICE1-3_370,P26,Novice,0,Wire-to-NeedleOut,159474.0,312,1.9564317694420408,681.625,0.684805152979066
P26_T14_DEVICE1-4_372,P26,Novice,1,Pre-needle,25916.0,29,1.1189998456551937,1314.7931034482758,0.05589657537496603
P26_T14_DEVICE1-4_372,P26,Novice,1,Needle-to-Wire,225229.0,473,2.1000848025787087,824.4651162790698,0.4857821336289637
P26_T14_DEVICE1-4_372,P26,Novice,1,Wire-to-NeedleOut,93675.0,11,0.1174272751534561,1497.2727272727273,0.20204166145431174
P26_T14_DEVICE1-4_372,P26,Novice,1,NeedleOut-to-CON,24231.0,0,0.0,,0.05226230583079186
P26_T14_DEVICE1-4_372,P26,Novice,1,CON-to-WireOut,80142.0,0,0.0,,0.17285319276510755
P27_T3_DEVICE1-1_379,P27,Novice,1,Pre-needle,19170.0,15,0.7824726134585289,264.53333333333336,0.09900427624103952
P27_T3_DEVICE1-1_379,P27,Novice,1,Needle-to-Wire,48560.0,16,0.32948929159802304,1352.5,0.25079017497469375
P27_T3_DEVICE1-1_379,P27,Novice,1,Wire-to-NeedleOut,70049.0,17,0.2426872617739011,1964.7058823529412,0.36177102485177765
P27_T3_DEVICE1-1_379,P27,Novice,1,NeedleOut-to-CON,9144.0,0,0.0,,0.04722457495816721
P27_T3_DEVICE1-1_379,P27,Novice,1,CON-to-WireOut,41517.0,16,0.3853843004070621,719.9375,0.21441630342719029
P27_T4_DEVICE1-2_380,P27,Novice,1,Pre-needle,22873.0,12,0.5246360337515849,845.0,0.1744751937511442
P27_T4_DEVICE1-2_380,P27,Novice,1,Needle-to-Wire,16328.0,8,0.48995590396864286,553.5,0.12454994812961494
P27_T4_DEVICE1-2_380,P27,Novice,1,Wire-to-NeedleOut,36361.0,9,0.2475179450510162,1696.5555555555557,0.2773616281198511
P27_T4_DEVICE1-2_380,P27,Novice,1,NeedleOut-to-CON,9525.0,0,0.0,,0.07265667907487643
P27_T4_DEVICE1-2_380,P27,Novice,1,CON-to-WireOut,39732.0,4,0.10067451927917044,2048.75,0.3030756087142247
P27_T7_DEVICE1-3_383,P27,Novice,1,Pre-needle,13647.0,3,0.21982853374367992,768.0,0.1203481604289393
P27_T7_DEVICE1-3_383,P27,Novice,1,Needle-to-Wire,11651.0,1,0.08582954252853832,3767.0,0.1027461286112385
P27_T7_DEVICE1-3_383,P27,Novice,1,Wire-to-NeedleOut,24343.0,9,0.3697161401634967,1006.4444444444445,0.21467247521958446
P27_T7_DEVICE1-3_383,P27,Novice,1,NeedleOut-to-CON,15718.0,0,0.0,,0.13861159123778616
P27_T7_DEVICE1-3_383,P27,Novice,1,CON-to-WireOut,16810.0,0,0.0,,0.14824156054887297
P27_T10_DEVICE1-4_386,P27,Novice,1,Pre-needle,11199.0,12,1.0715242432360033,348.8333333333333,0.11589568457000932
P27_T10_DEVICE1-4_386,P27,Novice,1,Needle-to-Wire,21634.0,8,0.36978829620042525,964.25,0.22388492186691503
P27_T10_DEVICE1-4_386,P27,Novice,1,Wire-to-NeedleOut,26536.0,17,0.6406391317455532,400.7647058823529,0.27461450895167133
P27_T10_DEVICE1-4_386,P27,Novice,1,NeedleOut-to-CON,8263.0,0,0.0,,0.08551174583462692
P27_T10_DEVICE1-4_386,P27,Novice,1,CON-to-WireOut,13491.0,0,0.0,,0.13961502638932008
P27_T13_DEVICE1-5_389,P27,Novice,1,Pre-needle,12743.0,0,0.0,,0.1337538836174322
P27_T13_DEVICE1-5_389,P27,Novice,1,Needle-to-Wire,16870.0,0,0.0,,0.17707196238139222
P27_T13_DEVICE1-5_389,P27,Novice,1,Wire-to-NeedleOut,12950.0,2,0.15444015444015444,541.0,0.13592661012679486
P27_T13_DEVICE1-5_389,P27,Novice,1,NeedleOut-to-CON,10730.0,1,0.09319664492078285,1002.0,0.11262490553363003
P27_T13_DEVICE1-5_389,P27,Novice,1,CON-to-WireOut,33321.0,10,0.30011104108520154,955.7,0.34974599042740784
P28_T1_DEVICE1-1_393,P28,Intermediate,1,Pre-needle,37639.0,32,0.8501819920826801,564.125,0.32295679780342357
P28_T1_DEVICE1-1_393,P28,Intermediate,1,Needle-to-Wire,23656.0,31,1.3104497801826176,182.83870967741936,0.20297739070745205
P28_T1_DEVICE1-1_393,P28,Intermediate,1,Wire-to-NeedleOut,9626.0,0,0.0,,0.08259470590758934
P28_T1_DEVICE1-1_393,P28,Intermediate,1,NeedleOut-to-CON,11680.0,10,0.8561643835616438,130.1,0.10021879960530267
P28_T1_DEVICE1-1_393,P28,Intermediate,1,CON-to-WireOut,21019.0,0,0.0,,0.18035093740615213
P28_T6_DEVICE1-2_398,P28,Intermediate,1,Pre-needle,8513.0,2,0.2349348055914484,982.0,0.10698218010908085
P28_T6_DEVICE1-2_398,P28,Intermediate,1,Needle-to-Wire,20109.0,24,1.1934954497985975,545.0,0.2527081710106316
P28_T6_DEVICE1-2_398,P28,Intermediate,1,Wire-to-NeedleOut,7713.0,0,0.0,,0.09692864503481037
P28_T6_DEVICE1-2_398,P28,Intermediate,1,NeedleOut-to-CON,11224.0,0,0.0,,0.141051097092015
P28_T6_DEVICE1-2_398,P28,Intermediate,1,CON-to-WireOut,16787.0,0,0.0,,0.2109608666147234
P28_T10_DEVICE1-3_402,P28,Intermediate,1,Pre-needle,9441.0,2,0.21184196589344348,3556.5,0.09057157658435504
P28_T10_DEVICE1-3_402,P28,Intermediate,1,Needle-to-Wire,42402.0,19,0.44809207112872035,1139.842105263158,0.4067806366200426
P28_T10_DEVICE1-3_402,P28,Intermediate,1,Wire-to-NeedleOut,8151.0,0,0.0,,0.0781960513440396
P28_T10_DEVICE1-3_402,P28,Intermediate,1,NeedleOut-to-CON,13914.0,0,0.0,,0.13348299084786738
P28_T10_DEVICE1-3_402,P28,Intermediate,1,CON-to-WireOut,15659.0,0,0.0,,0.15022352692875918
P28_T13_DEVICE1-4_405,P28,Intermediate,1,Pre-needle,7384.0,4,0.5417118093174431,1387.5,0.12208389134136866
P28_T13_DEVICE1-4_405,P28,Intermediate,1,Needle-to-Wire,13800.0,1,0.07246376811594203,1062.0,0.22816328555131193
P28_T13_DEVICE1-4_405,P28,Intermediate,1,Wire-to-NeedleOut,6685.0,0,0.0,,0.11052692492105219
P28_T13_DEVICE1-4_405,P28,Intermediate,1,NeedleOut-to-CON,5910.0,0,0.0,,0.09771340707306185
P28_T13_DEVICE1-4_405,P28,Intermediate,1,CON-to-WireOut,11872.0,0,0.0,,0.19628655985979532
P28_T16_DEVICE1-5_408,P28,Intermediate,1,Pre-needle,10116.0,5,0.494266508501384,296.4,0.14039665246415833
P28_T16_DEVICE1-5_408,P28,Intermediate,1,Needle-to-Wire,9710.0,4,0.4119464469618949,841.5,0.1347619113707965
P28_T16_DEVICE1-5_408,P28,Intermediate,1,Wire-to-NeedleOut,10266.0,0,0.0,,0.14247845336072057
P28_T16_DEVICE1-5_408,P28,Intermediate,1,NeedleOut-to-CON,10098.0,0,0.0,,0.14014683635657085
P28_T16_DEVICE1-5_408,P28,Intermediate,1,CON-to-WireOut,15403.0,0,0.0,,0.21377319473165587
P29_T2_DEVICE1-1_410,P29,Expert,1,Pre-needle,22462.0,30,1.3355889947466832,265.1,0.20385159908519984
P29_T2_DEVICE1-1_410,P29,Expert,1,Needle-to-Wire,27845.0,23,0.8260010773927097,692.4782608695652,0.2527044687261771
P29_T2_DEVICE1-1_410,P29,Expert,1,Wire-to-NeedleOut,13890.0,0,0.0,,0.12605728391476387
P29_T2_DEVICE1-1_410,P29,Expert,1,NeedleOut-to-CON,10741.0,0,0.0,,0.09747885432170472
P29_T2_DEVICE1-1_410,P29,Expert,1,CON-to-WireOut,24491.0,0,0.0,,0.22226558245906997
P29_T6_DEVICE1-2_414,P29,Expert,1,Pre-needle,17009.0,28,1.6461873125992121,221.85714285714286,0.162415851038434
P29_T6_DEVICE1-2_414,P29,Expert,1,Needle-to-Wire,25853.0,41,1.5858894519011333,272.1463414634146,0.24686560038195274
P29_T6_DEVICE1-2_414,P29,Expert,1,Wire-to-NeedleOut,15808.0,0,0.0,,0.15094772021962283
P29_T6_DEVICE1-2_414,P29,Expert,1,NeedleOut-to-CON,7515.0,0,0.0,,0.07175936977798997
P29_T6_DEVICE1-2_414,P29,Expert,1,CON-to-WireOut,22368.0,0,0.0,,0.2135879684888995
P29_T9_DEVICE1-3_417,P29,Expert,1,Pre-needle,9064.0,17,1.8755516328331863,212.1764705882353,0.10838475151863013
P29_T9_DEVICE1-3_417,P29,Expert,1,Needle-to-Wire,20692.0,22,1.0632128358786004,237.72727272727272,0.24742909073516048
P29_T9_DEVICE1-3_417,P29,Expert,1,Wire-to-NeedleOut,10462.0,0,0.0,,0.1251016405988425
P29_T9_DEVICE1-3_417,P29,Expert,1,NeedleOut-to-CON,9131.0,0,0.0,,0.10918591859185918
P29_T9_DEVICE1-3_417,P29,Expert,1,CON-to-WireOut,22322.0,0,0.0,,0.26692017027789733
P29_T11_DEVICE1-4_419,P29,Expert,1,Pre-needle,14062.0,26,1.8489546294979378,187.96153846153845,0.18865291994794672
P29_T11_DEVICE1-4_419,P29,Expert,1,Needle-to-Wire,18719.0,21,1.1218547999358939,373.04761904761904,0.2511302807926052
P29_T11_DEVICE1-4_419,P29,Expert,1,Wire-to-NeedleOut,9497.0,0,0.0,,0.12740981231301735
P29_T11_DEVICE1-4_419,P29,Expert,1,NeedleOut-to-CON,7271.0,0,0.0,,0.09754625095587545
P29_T11_DEVICE1-4_419,P29,Expert,1,CON-to-WireOut,13324.0,0,0.0,,0.17875206267859778
P29_T14_DEVICE1-5_422,P29,Expert,1,Pre-needle,14104.0,27,1.914350538854226,215.22222222222223,0.15925925925925927
P29_T14_DEVICE1-5_422,P29,Expert,1,Needle-to-Wire,19663.0,19,0.9662818491583176,363.7368421052632,0.22203026196928635
P29_T14_DEVICE1-5_422,P29,Expert,1,Wire-to-NeedleOut,10901.0,0,0.0,,0.12309168925022583
P29_T14_DEVICE1-5_422,P29,Expert,1,NeedleOut-to-CON,6092.0,0,0.0,,0.06878952122854562
P29_T14_DEVICE1-5_422,P29,Expert,1,CON-to-WireOut,22289.0,0,0.0,,0.2516824751580849
P3_T1_DEVICE1-1_31,P3,Expert,1,Pre-needle,9087.0,1,0.11004732034774954,2705.0,0.05723806044419809
P3_T1_DEVICE1-1_31,P3,Expert,1,Needle-to-Wire,39858.0,4,0.1003562647398264,4989.0,0.251061363836783
P3_T1_DEVICE1-1_31,P3,Expert,1,Wire-to-NeedleOut,27821.0,0,0.0,,0.17524156262991472
P3_T1_DEVICE1-1_31,P3,Expert,1,NeedleOut-to-CON,9480.0,0,0.0,,0.059713526247496186
P3_T1_DEVICE1-1_31,P3,Expert,1,CON-to-WireOut,39251.0,0,0.0,,0.2472379344662946
P3_T5_DEVICE1-2_35,P3,Expert,0,Pre-needle,29446.0,9,0.3056442301161448,868.0,0.07142718531383717
P3_T5_DEVICE1-2_35,P3,Expert,0,Needle-to-Wire,248660.0,97,0.3900908871551516,2187.2061855670104,0.6031747571873515
P3_T5_DEVICE1-2_35,P3,Expert,0,Wire-to-NeedleOut,35991.0,0,0.0,,0.08730339695137926
P3_T5_DEVICE1-2_35,P3,Expert,0,NeedleOut-to-CON,29446.0,0,0.0,,0.07142718531383717
P3_T5_DEVICE1-2_35,P3,Expert,0,CON-to-WireOut,58894.0,0,0.0,,0.14285922202924425
P3_T10_DEVICE1-4_40,P3,Expert,0,Pre-needle,45806.0,12,0.26197441383224906,1160.5833333333333,0.12389409254055107
P3_T10_DEVICE1-4_40,P3,Expert,0,Needle-to-Wire,52350.0,47,0.897803247373448,780.1276595744681,0.14159402140544575
P3_T10_DEVICE1-4_40,P3,Expert,0,Wire-to-NeedleOut,29455.0,0,0.0,,0.07966861319001728
P3_T10_DEVICE1-4_40,P3,Expert,0,NeedleOut-to-CON,8756.0,0,0.0,,0.023682851030106648
P3_T10_DEVICE1-4_40,P3,Expert,0,CON-to-WireOut,213721.0,21,0.0982589450732497,1174.3333333333333,0.5780633399960511
P3_T15_DEVICE1-5_45,P3,Expert,0,Pre-needle,16359.0,1,0.06112843083318051,80.0,0.040649840844653944
P3_T15_DEVICE1-5_45,P3,Expert,0,Needle-to-Wire,117786.0,23,0.1952693868541253,2689.2608695652175,0.29268183591468977
P3_T15_DEVICE1-5_45,P3,Expert,0,Wire-to-NeedleOut,26175.0,0,0.0,,0.06504123626803698
P3_T15_DEVICE1-5_45,P3,Expert,0,NeedleOut-to-CON,19631.0,0,0.0,,0.048780305985781626
P30_T3_DEVICE1-1_426,P30,Novice,1,Pre-needle,19527.0,14,0.7169560096276949,810.0,0.19611722641812632
P30_T3_DEVICE1-1_426,P30,Novice,1,Needle-to-Wire,35384.0,17,0.4804431381415329,1501.5882352941176,0.35537522095452356
P30_T3_DEVICE1-1_426,P30,Novice,1,Wire-to-NeedleOut,7244.0,0,0.0,,0.07275429856982163
P30_T3_DEVICE1-1_426,P30,Novice,1,NeedleOut-to-CON,9113.0,0,0.0,,0.09152538968343243
P30_T3_DEVICE1-1_426,P30,Novice,1,CON-to-WireOut,19944.0,3,0.15042117930204574,173.66666666666666,0.2003053189779849
P30_T4_DEVICE1-2_427,P30,Novice,1,Pre-needle,21610.0,19,0.8792225821378992,1377.0526315789473,0.22597747545200725
P30_T4_DEVICE1-2_427,P30,Novice,1,Needle-to-Wire,25431.0,18,0.70779756989501,1163.1666666666667,0.2659339740037018
P30_T4_DEVICE1-2_427,P30,Novice,1,Wire-to-NeedleOut,7230.0,2,0.276625172890733,4588.5,0.0756046805885244
P30_T4_DEVICE1-2_427,P30,Novice,1,NeedleOut-to-CON,13294.0,8,0.6017752369489995,1219.75,0.1390164071568248
P30_T4_DEVICE1-2_427,P30,Novice,1,CON-to-WireOut,19063.0,1,0.05245764045533232,4067.0,0.1993432954438507
P30_T9_DEVICE1-3_432,P30,Novice,1,Pre-needle,18134.0,17,0.9374655343553545,194.41176470588235,0.10840636545152381
P30_T9_DEVICE1-3_432,P30,Novice,1,Needle-to-Wire,51671.0,36,0.6967157593234116,1474.25,0.3088929805473523
P30_T9_DEVICE1-3_432,P30,Novice,1,Wire-to-NeedleOut,42069.0,20,0.47540944638569965,1764.15,0.25149152907136624
P30_T11_DEVICE1-4_434,P30,Novice,1,Pre-needle,13984.0,3,0.2145308924485126,781.3333333333334,0.19154327667209994
P30_T11_DEVICE1-4_434,P30,Novice,1,Needle-to-Wire,20595.0,7,0.33988832240835154,1748.857142857143,0.2820962373471037
P30_T11_DEVICE1-4_434,P30,Novice,1,Wire-to-NeedleOut,3805.0,0,0.0,,0.05211829002698371
P30_T11_DEVICE1-4_434,P30,Novice,1,NeedleOut-to-CON,9107.0,0,0.0,,0.12474146314736943
P30_T11_DEVICE1-4_434,P30,Novice,1,CON-to-WireOut,18197.0,0,0.0,,0.24925007191091264
P30_T13_DEVICE1-5_436,P30,Novice,1,Pre-needle,19320.0,11,0.5693581780538303,234.9090909090909,0.21214916326261696
P30_T13_DEVICE1-5_436,P30,Novice,1,Needle-to-Wire,24129.0,4,0.16577562269468274,3666.75,0.2649558571616814
P30_T13_DEVICE1-5_436,P30,Novice,1,Wire-to-NeedleOut,2845.0,0,0.0,,0.03124039179514209
P30_T13_DEVICE1-5_436,P30,Novice,1,NeedleOut-to-CON,7938.0,0,0.0,,0.08716563447094479
P30_T13_DEVICE1-5_436,P30,Novice,1,CON-to-WireOut,21259.0,0,0.0,,0.23344094522774192
P4_T3_DEVICE1-1_48,P4,Intermediate,1,Pre-needle,18589.0,4,0.21518102103394482,911.5,0.06926553714419856
P4_T3_DEVICE1-1_48,P4,Intermediate,1,Needle-to-Wire,40685.0,13,0.3195280816025562,2549.153846153846,0.15159870776866524
P4_T3_DEVICE1-1_48,P4,Intermediate,1,Wire-to-NeedleOut,20711.0,3,0.14485056250301773,6465.0,0.07717244283143238
P4_T4_DEVICE1-2_49,P4,Intermediate,1,Pre-needle,24201.0,16,0.661129705384075,1153.3125,0.15789370669519945
P4_T4_DEVICE1-2_49,P4,Intermediate,1,Needle-to-Wire,47730.0,9,0.18856065367693275,2934.1111111111113,0.3114031081592442
P4_T4_DEVICE1-2_49,P4,Intermediate,1,Wire-to-NeedleOut,18823.0,5,0.26563247091324443,1294.2,0.12280621631848845
P4_T4_DEVICE1-2_49,P4,Intermediate,1,NeedleOut-to-CON,14118.0,6,0.42498937526561836,707.8333333333334,0.09210955543666897
P4_T4_DEVICE1-2_49,P4,Intermediate,1,CON-to-WireOut,24201.0,4,0.16528242634601875,981.75,0.15789370669519945
P4_T9_DEVICE1-3_54,P4,Intermediate,1,Pre-needle,19703.0,2,0.10150738466223418,2103.5,0.17021147931856664
P4_T9_DEVICE1-3_54,P4,Intermediate,1,Needle-to-Wire,23398.0,1,0.04273869561500983,15188.0,0.20213207090777152
P4_T9_DEVICE1-3_54,P4,Intermediate,1,Wire-to-NeedleOut,9852.0,0,0.0,,0.0851100590898096
P4_T9_DEVICE1-3_54,P4,Intermediate,1,NeedleOut-to-CON,18471.0,7,0.3789724432894808,449.2857142857143,0.15956840250181417
P4_T9_DEVICE1-3_54,P4,Intermediate,1,CON-to-WireOut,28324.0,17,0.6001977121875441,1285.8823529411766,0.24468710045267633
P4_T11_DEVICE1-4_56,P4,Intermediate,1,Pre-needle,22166.0,15,0.6767120815663629,1731.1333333333334,0.16981016440161184
P4_T11_DEVICE1-4_56,P4,Intermediate,1,Needle-to-Wire,25861.0,16,0.6186922392792236,1236.0,0.1981169656947615
P4_T11_DEVICE1-4_56,P4,Intermediate,1,Wire-to-NeedleOut,25860.0,6,0.2320185614849188,3165.6666666666665,0.19810930485543995
P4_T11_DEVICE1-4_56,P4,Intermediate,1,NeedleOut-to-CON,8620.0,2,0.2320185614849188,3987.0,0.06603643495181333
P4_T11_DEVICE1-4_56,P4,Intermediate,1,CON-to-WireOut,22166.0,2,0.09022827754218171,1442.5,0.16981016440161184
P4_T13_DEVICE1-5_58,P4,Intermediate,1,Pre-needle,33249.0,3,0.09022827754218171,674.6666666666666,0.2934753826327961
P4_T13_DEVICE1-5_58,P4,Intermediate,1,Needle-to-Wire,23398.0,1,0.04273869561500983,17191.0,0.2065246173672039
P4_T13_DEVICE1-5_58,P4,Intermediate,1,Wire-to-NeedleOut,11083.0,0,0.0,,0.09782512754426537
P4_T13_DEVICE1-5_58,P4,Intermediate,1,NeedleOut-to-CON,11083.0,0,0.0,,0.09782512754426537
P4_T13_DEVICE1-5_58,P4,Intermediate,1,CON-to-WireOut,19703.0,0,0.0,,0.173910357123943
P5_T2_DEVICE1-1_62,P5,Intermediate,0,Pre-needle,41788.0,29,0.6939791327653873,681.8965517241379,0.09717009650040694
P5_T2_DEVICE1-1_62,P5,Intermediate,0,Needle-to-Wire,69764.0,16,0.22934464766928503,1773.1875,0.16222299732589235
P5_T2_DEVICE1-1_62,P5,Intermediate,0,Wire-to-NeedleOut,151024.0,21,0.1390507469011548,511.3809523809524,0.35117777002674105
P5_T2_DEVICE1-1_62,P5,Intermediate,0,NeedleOut-to-CON,12422.0,0,0.0,,0.02888501337053831
P5_T9_DEVICE1-3_69,P5,Intermediate,0,Pre-needle,12909.0,3,0.23239600278875203,66.66666666666667,0.03714232279783056
P5_T9_DEVICE1-3_69,P5,Intermediate,0,Needle-to-Wire,128099.0,146,1.1397434796524564,182.6027397260274,0.368571880709528
P5_T9_DEVICE1-3_69,P5,Intermediate,0,Wire-to-NeedleOut,113203.0,1,0.008833688153140817,61.0,0.32571247716188806
P5_T9_DEVICE1-3_69,P5,Intermediate,0,NeedleOut-to-CON,18868.0,0,0.0,,0.054287810562357035
P5_T9_DEVICE1-3_69,P5,Intermediate,0,CON-to-WireOut,49650.0,0,0.0,,0.14285508768396368
P5_T11_DEVICE1-4_71,P5,Intermediate,1,Pre-needle,15888.0,11,0.6923464249748238,582.7272727272727,0.04210470524321244
P5_T11_DEVICE1-4_71,P5,Intermediate,1,Needle-to-Wire,161861.0,30,0.18534421509813978,2895.133333333333,0.42894698485470856
P5_T11_DEVICE1-4_71,P5,Intermediate,1,Wire-to-NeedleOut,88379.0,3,0.03394471537356159,2824.6666666666665,0.234212723104851
P5_T11_DEVICE1-4_71,P5,Intermediate,1,NeedleOut-to-CON,15888.0,0,0.0,,0.04210470524321244
P5_T11_DEVICE1-4_71,P5,Intermediate,1,CON-to-WireOut,72490.0,0,0.0,,0.19210536776689766
P5_T15_DEVICE1-5_75,P5,Intermediate,1,Pre-needle,15603.0,12,0.7690828686791001,203.66666666666666,0.050200602934883674
P5_T15_DEVICE1-5_75,P5,Intermediate,1,Needle-to-Wire,96607.0,76,0.7866924757005186,191.8815789473684,0.31082033248287555
P5_T15_DEVICE1-5_75,P5,Intermediate,1,Wire-to-NeedleOut,103274.0,1,0.009682979259058427,240.0,0.3322705292249681
P5_T15_DEVICE1-5_75,P5,Intermediate,1,NeedleOut-to-CON,29790.0,0,0.0,,0.09584541187144682
P5_T15_DEVICE1-5_75,P5,Intermediate,1,CON-to-WireOut,43693.0,0,0.0,,0.14057648811343154
P6_T3_DEVICE1-1_78,P6,Intermediate,1,Pre-needle,93188.0,21,0.22535090354981327,1320.2857142857142,0.30380720754790796
P6_T3_DEVICE1-1_78,P6,Intermediate,1,Needle-to-Wire,54982.0,11,0.2000654759739551,5107.545454545455,0.17924977341931445
P6_T3_DEVICE1-1_78,P6,Intermediate,1,Wire-to-NeedleOut,25196.0,1,0.039688839498333066,29473.0,0.08214283385604465
P6_T3_DEVICE1-1_78,P6,Intermediate,1,NeedleOut-to-CON,21837.0,3,0.13738150844896277,1783.0,0.07119197741365482
P6_T3_DEVICE1-1_78,P6,Intermediate,1,CON-to-WireOut,32111.0,14,0.43598766777739717,880.1428571428571,0.1046867970293479
P6_T11_DEVICE1-4_86,P6,Intermediate,1,Pre-needle,21614.0,6,0.27759785324326824,1259.0,0.15497795145735488
P6_T11_DEVICE1-4_86,P6,Intermediate,1,Needle-to-Wire,49105.0,21,0.42765502494654317,1898.5714285714287,0.3520955078335066
P6_T11_DEVICE1-4_86,P6,Intermediate,1,Wire-to-NeedleOut,11925.0,2,0.16771488469601675,210.5,0.08550532391639479
P6_T11_DEVICE1-4_86,P6,Intermediate,1,NeedleOut-to-CON,16134.0,0,0.0,,0.11568493887355251
P6_T11_DEVICE1-4_86,P6,Intermediate,1,CON-to-WireOut,25956.0,0,0.0,,0.18611121069802458
P9_T3_DEVICE1-1_108,P9,Expert,1,Pre-needle,37069.0,16,0.4316275054627856,256.6875,0.22380742502822573
P9_T3_DEVICE1-1_108,P9,Expert,1,Needle-to-Wire,24757.0,19,0.7674597083653107,917.421052631579,0.1494726165103937
P9_T3_DEVICE1-1_108,P9,Expert,1,Wire-to-NeedleOut,11112.0,0,0.0,,0.06708970047515833
P9_T3_DEVICE1-1_108,P9,Expert,1,NeedleOut-to-CON,18065.0,5,0.2767783005812344,364.4,0.10906906399241678
P9_T3_DEVICE1-1_108,P9,Expert,1,CON-to-WireOut,51953.0,11,0.21172983273343213,296.8181818181818,0.3136709151175217
P9_T4_DEVICE1-2_109,P9,Expert,1,Pre-needle,13531.0,16,1.1824698839701426,185.3125,0.12312325974994995
P9_T4_DEVICE1-2_109,P9,Expert,1,Needle-to-Wire,25467.0,44,1.7277260768838105,356.0681818181818,0.23173306156617954
P9_T4_DEVICE1-2_109,P9,Expert,1,Wire-to-NeedleOut,10527.0,0,0.0,,0.09578882236255437
P9_T4_DEVICE1-2_109,P9,Expert,1,NeedleOut-to-CON,18676.0,21,1.1244377811094455,152.66666666666666,0.1699393983511984
P9_T4_DEVICE1-2_109,P9,Expert,1,CON-to-WireOut,14262.0,0,0.0,,0.12977488216346067
P9_T9_DEVICE1-3_114,P9,Expert,1,Pre-needle,11206.0,4,0.35695163305372124,70.0,0.0628582967791153
P9_T9_DEVICE1-3_114,P9,Expert,1,Needle-to-Wire,22412.0,45,2.007852935927182,167.33333333333334,0.1257165935582306
P9_T9_DEVICE1-3_114,P9,Expert,1,Wire-to-NeedleOut,11545.0,0,0.0,,0.06475986402952758
P9_T9_DEVICE1-3_114,P9,Expert,1,NeedleOut-to-CON,13583.0,3,0.22086431568872855,100.33333333333333,0.07619170490368758
P9_T9_DEVICE1-3_114,P9,Expert,1,CON-to-WireOut,87609.0,16,0.18262963850745928,107.75,0.49142892401584076
P9_T11_DEVICE1-4_116,P9,Expert,1,Pre-needle,14262.0,24,1.6827934371055953,275.5416666666667,0.1423736935102273
P9_T11_DEVICE1-4_116,P9,Expert,1,Needle-to-Wire,13243.0,11,0.8306275013214528,555.4545454545455,0.13220129176524612
P9_T11_DEVICE1-4_116,P9,Expert,1,Wire-to-NeedleOut,11885.0,0,0.0,,0.11864474459185609
P9_T11_DEVICE1-4_116,P9,Expert,1,NeedleOut-to-CON,6452.0,0,0.0,,0.06440857316841864
P9_T11_DEVICE1-4_116,P9,Expert,1,CON-to-WireOut,30561.0,7,0.22905009652825498,151.57142857142858,0.3050822077805397
P9_T14_DEVICE1-5_119,P9,Expert,1,Pre-needle,29203.0,9,0.30818751498133756,106.88888888888889,0.19196460851788308
P9_T14_DEVICE1-5_119,P9,Expert,1,Needle-to-Wire,17997.0,0,0.0,,0.11830247096176222
P9_T14_DEVICE1-5_119,P9,Expert,1,Wire-to-NeedleOut,23091.0,5,0.21653458057251743,144.4,0.1517876511072985
P9_T14_DEVICE1-5_119,P9,Expert,1,NeedleOut-to-CON,17997.0,6,0.33338889814969164,621.0,0.11830247096176222
P9_T14_DEVICE1-5_119,P9,Expert,1,CON-to-WireOut,26826.0,0,0.0,,0.17633950580764757
