Expertise,Device_name,Participants,Total_attempts,Usable_attempts,Mean_of_attempt_means_ms,SD_of_attempt_means_ms,Median_of_attempt_means_ms,Q1_of_attempt_means_ms,Q3_of_attempt_means_ms,Median_fixation_count,Q1_fixation_count,Q3_fixation_count,Median_fixation_rate_per_second,Median_valid_sample_proportion
Expert,ATG,5,25,25,976.7256520827298,1357.7870319685842,578.78125,333.0,822.7333333333333,62.0,37.0,66.0,0.49338047857906425,0.779032580451729
Expert,CON,5,25,25,892.6078387134705,836.6027174019546,571.9278350515464,303.3809523809524,959.5,59.0,41.0,79.0,0.5941205827134676,0.8215472235405791
Expert,MST,5,25,25,864.101525798531,917.3752348603614,612.1785714285714,276.5652173913044,1084.638888888889,50.0,36.0,67.0,0.2653758783941575,0.7147503348000765
Intermediate,ATG,9,46,44,1851.9796403494852,1971.6187477895505,1433.638888888889,682.2321548538797,2299.9166666666665,21.0,13.25,46.0,0.1911944840138907,0.9319608194805797
Intermediate,CON,9,45,42,2086.8619784403486,3706.317508354178,1095.9322916666665,690.1136363636364,2244.353744939271,25.0,13.5,54.75,0.2887160203163094,0.9370909850263232
Intermediate,MST,9,46,43,1740.4289336302318,1507.1768845750512,1451.142857142857,495.5690846286701,2275.113636363636,26.0,15.5,81.5,0.16853846507423353,0.8856840433977242
Novice,ATG,13,70,70,1988.5732540848503,1997.5346914708284,1165.041958041958,655.9700284090909,2831.545833333333,26.0,16.0,54.5,0.26310768600434953,0.9284104132869453
Novice,CON,13,66,64,2000.8105557541162,1906.3378575764973,1353.324347826087,717.8998169529709,2737.735416666667,34.0,9.75,58.5,0.32919250215270107,0.9333676257124852
Novice,MST,13,66,65,1917.642704435667,1844.3670555800013,1317.0588235294117,747.1764705882352,2394.9473684210525,31.0,13.0,57.0,0.1568390215485613,0.9279279279279279
