File,Participant,Recording,Eye_tracker_rows,Unique_US_fixations,Attempt_rows_created,Recording_start_ms,Recording_end_ms,Median_sample_interval_ms,Status
SIMETRIC Recording 1.tsv,P30,Recording 1,32139,327,9,2,643927,20.0,OK
SIMETRIC Recording 15.tsv,P1,Recording 15,143836,871,15,19,2881933,20.0,OK
SIMETRIC Recording 16.tsv,P2,Recording 16,164261,93,15,2,3291257,20.0,OK
SIMETRIC Recording 17.tsv,P3,Recording 17,195911,827,15,38,3925340,20.0,OK
SIMETRIC Recording 18.tsv,P4,Recording 18,46112,136,12,24,924036,20.0,OK
SIMETRIC Recording 19.tsv,P4,Recording 19,73630,194,15,28,1475277,20.0,OK
SIMETRIC Recording 2.tsv,P30,Recording 2,84627,299,15,2,1695590,20.0,OK
SIMETRIC Recording 20.tsv,P5,Recording 20,12936,36,2,13,259182,20.0,OK
SIMETRIC Recording 21.tsv,P5,Recording 21,182057,1333,15,27,3647747,20.0,OK
SIMETRIC Recording 22.tsv,P6,Recording 22,42952,183,5,20,860597,20.0,OK
SIMETRIC Recording 23.tsv,P6,Recording 23,201670,786,15,31,4040722,20.0,OK
SIMETRIC Recording 24.tsv,P7,Recording 24,21710,468,5,12,434979,20.0,OK
SIMETRIC Recording 25.tsv,P7,Recording 25,14532,127,5,26,291172,20.0,OK
SIMETRIC Recording 26.tsv,P7,Recording 26,30582,321,5,42,612771,20.0,OK
SIMETRIC Recording 27.tsv,P8,Recording 27,33934,150,9,7,679897,20.0,OK
SIMETRIC Recording 28.tsv,P8,Recording 28,52064,224,10,1,1043148,20.0,OK
SIMETRIC Recording 29.tsv,P8,Recording 29,35075,138,10,5,702757,20.0,OK
SIMETRIC Recording 30.tsv,P9,Recording 30,102665,1008,15,3,2057005,20.0,OK
SIMETRIC Recording 31.tsv,P10,Recording 31,110430,1953,16,9,2212592,20.0,OK
SIMETRIC Recording 32.tsv,P10,Recording 32,48900,131,10,20,979773,20.0,OK
SIMETRIC Recording 33.tsv,P11,Recording 33,9403,17,2,2,188383,20.0,OK
SIMETRIC Recording 34.tsv,P11,Recording 34,126581,206,15,32,2536221,20.0,OK
SIMETRIC Recording 35.tsv,P12,Recording 35,96751,559,15,4,1938511,20.0,OK
SIMETRIC Recording 36.tsv,P13,Recording 36,35118,298,12,8,703621,20.0,OK
SIMETRIC Recording 37.tsv,P13,Recording 37,35654,203,12,9,714362,20.0,OK
SIMETRIC Recording 38.tsv,P13,Recording 38,58550,458,15,1,1173103,20.0,OK
SIMETRIC Recording 39.tsv,P14,Recording 39,34014,259,7,10,681503,20.0,OK
SIMETRIC Recording 40.tsv,P14,Recording 40,59930,345,9,2,1200754,20.0,OK
SIMETRIC Recording 41.tsv,P14,Recording 41,74090,641,9,7,1484472,20.0,OK
SIMETRIC Recording 42.tsv,P15,Recording 42,124500,1394,15,15,2494508,20.0,OK
SIMETRIC Recording 43.tsv,P16,Recording 43,53069,409,11,33,1063316,20.0,OK
SIMETRIC Recording 44.tsv,P16,Recording 44,46411,209,11,15,929898,20.0,OK
SIMETRIC Recording 45.tsv,P16,Recording 45,97828,515,15,0,1960087,20.0,OK
SIMETRIC Recording 46.tsv,P17,Recording 46,113139,1081,15,44,2266906,20.0,OK
SIMETRIC Recording 47.tsv,P17,Recording 47,55266,157,11,8,1107311,20.0,OK
SIMETRIC Recording 48.tsv,P18,Recording 48,15344,47,4,3,307419,20.0,OK
SIMETRIC Recording 49.tsv,P18,Recording 49,115075,439,15,18,2305670,20.0,OK
SIMETRIC Recording 50.tsv,P19,Recording 50,39192,223,7,11,785252,20.0,OK
SIMETRIC Recording 51.tsv,P19,Recording 51,174106,474,15,16,3488428,20.0,OK
SIMETRIC Recording 52.tsv,P19,Recording 52,51378,59,8,7,1029410,20.0,OK
SIMETRIC Recording 53.tsv,P20,Recording 53,117390,754,16,3,2352038,20.0,OK
SIMETRIC Recording 54.tsv,P21,Recording 54,104255,226,15,1,2088860,20.0,OK
SIMETRIC Recording 55.tsv,P22,Recording 55,131755,660,15,31,2639887,20.0,OK
SIMETRIC Recording 57.tsv,P23,Recording 57,168472,236,16,13,3375540,20.0,OK
SIMETRIC Recording 59.tsv,P24,Recording 59,30653,138,11,3,614154,20.0,OK
SIMETRIC Recording 60.tsv,P24,Recording 60,83792,548,15,3,1678860,20.0,OK
SIMETRIC Recording 61.tsv,P25,Recording 61,39271,96,7,2,786825,20.0,OK
SIMETRIC Recording 62.tsv,P25,Recording 62,123385,210,16,15,2472168,20.0,OK
SIMETRIC Recording 63.tsv,P26,Recording 63,15126,423,11,14,303062,20.0,OK
SIMETRIC Recording 64.tsv,P26,Recording 64,50654,1609,16,7,1014903,20.0,OK
SIMETRIC Recording 65.tsv,P26,Recording 65,13161,230,9,6,263683,20.0,OK
SIMETRIC Recording 66.tsv,P26,Recording 66,6666,107,8,9,133551,20.0,OK
SIMETRIC Recording 67.tsv,P26,Recording 67,46776,577,16,12,937208,20.0,OK
SIMETRIC Recording 68.tsv,P26,Recording 68,76789,234,18,9,1538553,20.0,OK
SIMETRIC Recording 69.tsv,P26,Recording 69,65705,294,18,15,1316497,20.0,OK
SIMETRIC Recording 70.tsv,P27,Recording 70,70980,435,16,24,1422177,20.0,OK
SIMETRIC Recording 71.tsv,P27,Recording 71,64829,6,15,17,1298927,20.0,OK
SIMETRIC Recording 72.tsv,P28,Recording 72,97528,656,16,13,1954449,20.0,OK
SIMETRIC Recording 74.tsv,P29,Recording 74,137323,1786,15,4,2751422,20.0,OK
