Participant,Session_index,Recording,Expected_attempts,Recovered_attempts,Coverage_complete,Note
P1,1.0,Recording 15,15,15,True,
P10,1.0,Recording 31,12,12,True,
P10,2.0,Recording 32,4,4,True,
P11,1.0,Recording 33,1,1,True,
P11,2.0,Recording 34,14,14,True,
P12,1.0,Recording 35,15,15,True,
P13,1.0,Recording 36,3,3,True,
P13,2.0,Recording 37,4,4,True,
P13,3.0,Recording 38,8,8,True,
P14,1.0,Recording 39,3,3,True,
P14,2.0,Recording 40,2,2,True,
P14,3.0,Recording 41,4,4,True,
P15,1.0,Recording 42,15,15,True,
P16,1.0,Recording 43,3,3,True,
P16,2.0,Recording 44,3,3,True,
P16,3.0,Recording 45,9,9,True,
P17,1.0,Recording 46,9,9,True,
P17,2.0,Recording 47,6,6,True,
P18,1.0,Recording 48,1,1,True,
P18,2.0,Recording 49,14,14,True,
P19,1.0,Recording 50,2,2,True,
P19,2.0,Recording 51,10,10,True,
P19,3.0,Recording 52,3,3,True,
P2,1.0,Recording 16,15,15,True,
P20,1.0,Recording 53,16,16,True,
P21,1.0,Recording 54,15,15,True,
P22,1.0,Recording 55,15,15,True,
P23,1.0,Recording 57,16,16,True,
P24,1.0,Recording 59,4,4,True,
P24,2.0,Recording 60,11,11,True,
P25,1.0,Recording 61,3,3,True,
P25,2.0,Recording 62,13,13,True,
P26,1.0,Recording 63,1,1,True,
P26,2.0,Recording 64,2,2,True,
P26,3.0,Recording 65,1,1,True,
P26,4.0,Recording 66,1,1,True,
P26,5.0,Recording 67,2,2,True,
P26,6.0,Recording 68,9,9,True,
P26,7.0,Recording 69,2,2,True,
P27,1.0,Recording 70,11,11,True,
P27,2.0,Recording 71,5,5,True,
P28,1.0,Recording 72,16,16,True,
P29,1.0,Recording 74,15,15,True,
P3,1.0,Recording 17,15,15,True,
P30,1.0,Recording 1,4,4,True,
P30,2.0,Recording 2,11,11,True,
P4,1.0,Recording 18,4,4,True,
P4,2.0,Recording 19,11,11,True,
P5,1.0,Recording 21,15,15,True,
P5,,Recording 20,0,0,,Recording skipped as partial or duplicate export
P6,1.0,Recording 22,2,2,True,
P6,2.0,Recording 23,13,13,True,
P7,1.0,Recording 24,1,1,True,
P7,2.0,Recording 25,2,2,True,
P7,3.0,Recording 26,2,2,True,
P8,1.0,Recording 27,3,3,True,
P8,2.0,Recording 28,5,5,True,
P8,3.0,Recording 29,2,2,True,
P9,1.0,Recording 30,15,15,True,
