Experience3,Device_name,Participants,Attempts,Median_saccade_rate_per_second,Q1_saccade_rate_per_second,Q3_saccade_rate_per_second,Mean_saccade_rate_per_second,SD_saccade_rate_per_second,Attempts_with_amplitude,Median_attempt_mean_amplitude_deg,Q1_attempt_mean_amplitude_deg,Q3_attempt_mean_amplitude_deg,Mean_attempt_mean_amplitude_deg,SD_attempt_mean_amplitude_deg
Higher prior experience,ATG,5,25,0.6268264044001448,0.3929198380156281,1.332001332001332,0.8754389251540211,0.6978450433786457,25,3.1913835429961606,2.643453828673278,4.052748710741357,3.2899047186160515,0.9421816900688023
Higher prior experience,CON,5,25,0.9164702801780571,0.42412418356094667,1.5961252683141616,0.9895561510859856,0.7122176407469204,25,3.4776502027285447,3.1746405993762243,4.454730856327351,3.7085805395620777,0.9226046469114438
Higher prior experience,MST,5,25,0.3718598852328327,0.25156046098454476,0.7516519514904024,0.500405744034982,0.3441746907868647,25,3.3930541780026817,2.6821350155476797,4.142918823160728,3.7466816707661654,1.5416173060123628
Some prior experience,ATG,9,44,0.2841621341127585,0.1135299243612759,0.4509240838807703,0.5036792198463025,0.6790797166388168,42,3.610891003604295,2.7831275266271547,5.05529236692725,4.185133630648235,2.2282071896035345
Some prior experience,CON,9,42,0.3792659630660957,0.2058540648695146,0.750588676287581,0.6188359359171579,0.7080997760800126,40,3.974632781427831,3.183148682433684,4.950147628411093,4.214851855759636,1.7894572084345035
Some prior experience,MST,9,43,0.23024233005238012,0.0941884126565593,0.44538730860571074,0.3409310044723083,0.34829265957201827,43,3.8481418723067895,3.2965413627942626,4.759821299747185,4.116445091624076,1.4964115240942484
No prior experience,ATG,13,70,0.3297220808640555,0.17719801220295617,0.6542170441172275,0.4938069688695196,0.47342313985255263,67,3.7860321289273813,3.2244946889250947,4.592863023952006,3.964782620713595,1.3702623268103695
No prior experience,CON,13,64,0.3940808927872219,0.1903768491154186,0.7025145667758663,0.5396251327849241,0.4979508681462469,64,3.6533738280152814,2.9206829689809766,4.511746373300131,4.035202952287595,1.8599486984798839
No prior experience,MST,13,65,0.19857686579513487,0.10022670325736785,0.3533206064306559,0.26904739942311046,0.2568505947308248,63,3.781098253944088,3.014788973577925,4.346284761004309,3.865502184175203,1.3189941114406054
