Participant,Session_index,Recording,File,Eye_tracker_rows,Unique_mapped_fixations,Unique_mapped_saccades,Saccades_with_amplitude,Native_amplitude_column,Direction_columns_available,Amplitude_method,Attempt_rows,Status
P1,1,Recording 15,SIMETRIC Recording 15.tsv,143836,871,1104,938,,True,adjacent_mapped_fixation_centroid_angle,15,OK
P10,1,Recording 31,SIMETRIC Recording 31.tsv,110430,1953,2997,2661,,True,adjacent_mapped_fixation_centroid_angle,12,OK
P10,2,Recording 32,SIMETRIC Recording 32.tsv,48900,131,202,145,,True,adjacent_mapped_fixation_centroid_angle,4,OK
P11,1,Recording 33,SIMETRIC Recording 33.tsv,9403,17,19,9,,True,adjacent_mapped_fixation_centroid_angle,1,OK
P11,2,Recording 34,SIMETRIC Recording 34.tsv,126581,206,200,117,,True,adjacent_mapped_fixation_centroid_angle,14,OK
P12,1,Recording 35,SIMETRIC Recording 35.tsv,96751,559,818,672,,True,adjacent_mapped_fixation_centroid_angle,15,OK
P13,1,Recording 36,SIMETRIC Recording 36.tsv,35118,298,379,317,,True,adjacent_mapped_fixation_centroid_angle,3,OK
P13,2,Recording 37,SIMETRIC Recording 37.tsv,35654,203,246,184,,True,adjacent_mapped_fixation_centroid_angle,4,OK
P13,3,Recording 38,SIMETRIC Recording 38.tsv,58550,458,595,476,,True,adjacent_mapped_fixation_centroid_angle,8,OK
P14,1,Recording 39,SIMETRIC Recording 39.tsv,34014,259,222,183,,True,adjacent_mapped_fixation_centroid_angle,3,OK
P14,2,Recording 40,SIMETRIC Recording 40.tsv,59930,345,407,350,,True,adjacent_mapped_fixation_centroid_angle,2,OK
P14,3,Recording 41,SIMETRIC Recording 41.tsv,74090,641,853,624,,True,adjacent_mapped_fixation_centroid_angle,4,OK
P15,1,Recording 42,SIMETRIC Recording 42.tsv,124500,1394,1851,1657,,True,adjacent_mapped_fixation_centroid_angle,15,OK
P16,1,Recording 43,SIMETRIC Recording 43.tsv,53069,409,531,443,,True,adjacent_mapped_fixation_centroid_angle,3,OK
P16,2,Recording 44,SIMETRIC Recording 44.tsv,46411,209,235,197,,True,adjacent_mapped_fixation_centroid_angle,3,OK
P16,3,Recording 45,SIMETRIC Recording 45.tsv,97828,515,693,632,,True,adjacent_mapped_fixation_centroid_angle,9,OK
P17,1,Recording 46,SIMETRIC Recording 46.tsv,113139,1081,1438,1164,,True,adjacent_mapped_fixation_centroid_angle,9,OK
P17,2,Recording 47,SIMETRIC Recording 47.tsv,55266,157,182,131,,True,adjacent_mapped_fixation_centroid_angle,6,OK
P18,1,Recording 48,SIMETRIC Recording 48.tsv,15344,47,65,49,,True,adjacent_mapped_fixation_centroid_angle,1,OK
P18,2,Recording 49,SIMETRIC Recording 49.tsv,115075,439,602,395,,True,adjacent_mapped_fixation_centroid_angle,14,OK
P19,1,Recording 50,SIMETRIC Recording 50.tsv,39192,223,233,167,,True,adjacent_mapped_fixation_centroid_angle,2,OK
P19,2,Recording 51,SIMETRIC Recording 51.tsv,174106,474,527,313,,True,adjacent_mapped_fixation_centroid_angle,10,OK
P19,3,Recording 52,SIMETRIC Recording 52.tsv,51378,59,77,47,,True,adjacent_mapped_fixation_centroid_angle,3,OK
P2,1,Recording 16,SIMETRIC Recording 16.tsv,164261,93,127,78,,True,adjacent_mapped_fixation_centroid_angle,15,OK
P20,1,Recording 53,SIMETRIC Recording 53.tsv,117390,754,1050,880,,True,adjacent_mapped_fixation_centroid_angle,16,OK
P21,1,Recording 54,SIMETRIC Recording 54.tsv,104255,226,318,209,,True,adjacent_mapped_fixation_centroid_angle,15,OK
P22,1,Recording 55,SIMETRIC Recording 55.tsv,131755,660,897,690,,True,adjacent_mapped_fixation_centroid_angle,15,OK
P23,1,Recording 57,SIMETRIC Recording 57.tsv,168472,236,238,121,,True,adjacent_mapped_fixation_centroid_angle,16,OK
P24,1,Recording 59,SIMETRIC Recording 59.tsv,30653,138,194,153,,True,adjacent_mapped_fixation_centroid_angle,4,OK
P24,2,Recording 60,SIMETRIC Recording 60.tsv,83792,548,684,579,,True,adjacent_mapped_fixation_centroid_angle,11,OK
P25,1,Recording 61,SIMETRIC Recording 61.tsv,39271,96,104,65,,True,adjacent_mapped_fixation_centroid_angle,3,OK
P25,2,Recording 62,SIMETRIC Recording 62.tsv,123385,210,231,140,,True,adjacent_mapped_fixation_centroid_angle,13,OK
P26,1,Recording 63,SIMETRIC Recording 63.tsv,15126,423,604,573,,True,adjacent_mapped_fixation_centroid_angle,1,OK
P26,2,Recording 64,SIMETRIC Recording 64.tsv,50654,1609,2321,2155,,True,adjacent_mapped_fixation_centroid_angle,2,OK
P26,3,Recording 65,SIMETRIC Recording 65.tsv,13161,230,323,299,,True,adjacent_mapped_fixation_centroid_angle,1,OK
P26,4,Recording 66,SIMETRIC Recording 66.tsv,6666,107,172,155,,True,adjacent_mapped_fixation_centroid_angle,1,OK
P26,5,Recording 67,SIMETRIC Recording 67.tsv,46776,577,820,736,,True,adjacent_mapped_fixation_centroid_angle,2,OK
P26,6,Recording 68,SIMETRIC Recording 68.tsv,76789,234,291,204,,True,adjacent_mapped_fixation_centroid_angle,9,OK
P26,7,Recording 69,SIMETRIC Recording 69.tsv,65705,294,370,322,,True,adjacent_mapped_fixation_centroid_angle,2,OK
P27,1,Recording 70,SIMETRIC Recording 70.tsv,70980,435,538,408,,True,adjacent_mapped_fixation_centroid_angle,11,OK
P27,2,Recording 71,SIMETRIC Recording 71.tsv,64829,6,7,3,,True,adjacent_mapped_fixation_centroid_angle,5,OK
P28,1,Recording 72,SIMETRIC Recording 72.tsv,97528,656,1233,1002,,True,adjacent_mapped_fixation_centroid_angle,16,OK
P29,1,Recording 74,SIMETRIC Recording 74.tsv,137323,1786,2935,2575,,True,adjacent_mapped_fixation_centroid_angle,15,OK
P3,1,Recording 17,SIMETRIC Recording 17.tsv,195911,827,1057,913,,True,adjacent_mapped_fixation_centroid_angle,15,OK
P30,1,Recording 1,SIMETRIC Recording 1.tsv,32139,327,491,425,,True,adjacent_mapped_fixation_centroid_angle,4,OK
P30,2,Recording 2,SIMETRIC Recording 2.tsv,84627,299,465,306,,True,adjacent_mapped_fixation_centroid_angle,11,OK
P4,1,Recording 18,SIMETRIC Recording 18.tsv,46112,136,180,109,,True,adjacent_mapped_fixation_centroid_angle,4,OK
P4,2,Recording 19,SIMETRIC Recording 19.tsv,73630,194,267,159,,True,adjacent_mapped_fixation_centroid_angle,11,OK
P5,1,Recording 21,SIMETRIC Recording 21.tsv,182057,1333,2095,1592,,True,adjacent_mapped_fixation_centroid_angle,15,OK
P6,1,Recording 22,SIMETRIC Recording 22.tsv,42952,183,269,142,,True,adjacent_mapped_fixation_centroid_angle,2,OK
P6,2,Recording 23,SIMETRIC Recording 23.tsv,201670,786,1117,671,,True,adjacent_mapped_fixation_centroid_angle,13,OK
P7,1,Recording 24,SIMETRIC Recording 24.tsv,21710,468,607,496,,True,adjacent_mapped_fixation_centroid_angle,1,OK
P7,2,Recording 25,SIMETRIC Recording 25.tsv,14532,127,188,123,,True,adjacent_mapped_fixation_centroid_angle,2,OK
P7,3,Recording 26,SIMETRIC Recording 26.tsv,30582,321,371,284,,True,adjacent_mapped_fixation_centroid_angle,2,OK
P8,1,Recording 27,SIMETRIC Recording 27.tsv,33934,150,160,135,,True,adjacent_mapped_fixation_centroid_angle,3,OK
P8,2,Recording 28,SIMETRIC Recording 28.tsv,52064,224,260,189,,True,adjacent_mapped_fixation_centroid_angle,5,OK
P8,3,Recording 29,SIMETRIC Recording 29.tsv,35075,138,129,80,,True,adjacent_mapped_fixation_centroid_angle,2,OK
P9,1,Recording 30,SIMETRIC Recording 30.tsv,102665,1008,1647,1396,,True,adjacent_mapped_fixation_centroid_angle,15,OK
