Id,Round,Time,Device,FTIS,Start time (ms),End Time (ms),Duration (ms),Needle In (ms),Wire In (ms),Needle Out (ms),Catheter Over Needle (ms),Wire Out (ms),Participant_raw,Participant,Expertise,Abort_participant,Device_name,Repetition,Device_code_clean,Attempt_start_ms,Attempt_end_ms,Attempt_duration_ms,Success,Attempt_sequence,Attempt_ID,Session_index,Experience3,AnyExperience,Repetition_c,Attempt_sequence_c
P1,1,1,DEVICE2-1,N,937,183691,182754.0,,,,,,P1,P1,Expert,False,ATG,1,DEVICE2-1,937,183691,182754,0,1,P1_T1_DEVICE2-1_1,1,Higher prior experience,Any previous experience,-2.0,-7.181159420289855
P1,1,2,DEVICE3-1,Y,195082,337585,142503.0,,,,,,P1,P1,Expert,False,CON,1,DEVICE3-1,195082,337585,142503,1,2,P1_T2_DEVICE3-1_2,1,Higher prior experience,Any previous experience,-2.0,-6.181159420289855
P1,1,3,DEVICE1-1,Y,341687,596099,254412.0,394132,428394,447088,461781,527914,P1,P1,Expert,False,MST,1,DEVICE1-1,341687,596099,254412,1,3,P1_T3_DEVICE1-1_3,1,Higher prior experience,Any previous experience,-2.0,-5.181159420289855
P1,2,4,DEVICE1-2,Y,613835,799256,185421.0,639035,658695,684157,702558,752402,P1,P1,Expert,False,MST,2,DEVICE1-2,613835,799256,185421,1,4,P1_T4_DEVICE1-2_4,1,Higher prior experience,Any previous experience,-1.0,-4.181159420289855
P1,2,5,DEVICE3-2,Y,808762,947479,138717.0,,,,,,P1,P1,Expert,False,CON,2,DEVICE3-2,808762,947479,138717,1,5,P1_T5_DEVICE3-2_5,1,Higher prior experience,Any previous experience,-1.0,-3.1811594202898554
P1,2,6,DEVICE2-2,Y,959550,1072819,113269.0,,,,,,P1,P1,Expert,False,ATG,2,DEVICE2-2,959550,1072819,113269,1,6,P1_T6_DEVICE2-2_6,1,Higher prior experience,Any previous experience,-1.0,-2.1811594202898554
P1,3,7,DEVICE3-3,Y,1093951,1186315,92364.0,,,,,,P1,P1,Expert,False,CON,3,DEVICE3-3,1093951,1186315,92364,1,7,P1_T7_DEVICE3-3_7,1,Higher prior experience,Any previous experience,0.0,-1.1811594202898554
P1,3,8,DEVICE2-3,Y,1195141,1356029,160888.0,,,,,,P1,P1,Expert,False,ATG,3,DEVICE2-3,1195141,1356029,160888,1,8,P1_T8_DEVICE2-3_8,1,Higher prior experience,Any previous experience,0.0,-0.18115942028985543
P1,3,9,DEVICE1-3,Y,1370414,1558826,188412.0,1402314,1434214,1466115,1482065,1513966,P1,P1,Expert,False,MST,3,DEVICE1-3,1370414,1558826,188412,1,9,P1_T9_DEVICE1-3_9,1,Higher prior experience,Any previous experience,0.0,0.8188405797101446
P1,4,10,DEVICE3-4,Y,1569283,1737599,168316.0,,,,,,P1,P1,Expert,False,CON,4,DEVICE3-4,1569283,1737599,168316,1,10,P1_T10_DEVICE3-4_10,1,Higher prior experience,Any previous experience,1.0,1.8188405797101446
P1,4,11,DEVICE1-4,Y,1754527,1903063,148536.0,1781443,1813343,1826303,1840259,1871163,P1,P1,Expert,False,MST,4,DEVICE1-4,1754527,1903063,148536,1,11,P1_T11_DEVICE1-4_11,1,Higher prior experience,Any previous experience,1.0,2.8188405797101446
P1,4,12,DEVICE2-4,Y,2041152,2114118,72966.0,,,,,,P1,P1,Expert,False,ATG,4,DEVICE2-4,2041152,2114118,72966,1,12,P1_T12_DEVICE2-4_12,1,Higher prior experience,Any previous experience,1.0,3.8188405797101446
P1,5,13,DEVICE1-5 ,Y,2123376,2292777,169401.0,2157200,2187107,2208042,2225986,2257886,P1,P1,Expert,False,MST,5,DEVICE1-5,2123376,2292777,169401,1,13,P1_T13_DEVICE1-5_13,1,Higher prior experience,Any previous experience,2.0,4.818840579710145
P1,5,14,DEVICE2-5 ,Y,2392067,2516011,123944.0,,,,,,P1,P1,Expert,False,ATG,5,DEVICE2-5,2392067,2516011,123944,1,14,P1_T14_DEVICE2-5_14,1,Higher prior experience,Any previous experience,2.0,5.818840579710145
P1,5,15,DEVICE3-5 ,Y,2612295,2682253,69958.0,,,,,,P1,P1,Expert,False,CON,5,DEVICE3-5,2612295,2682253,69958,1,15,P1_T15_DEVICE3-5_15,1,Higher prior experience,Any previous experience,2.0,6.818840579710145
P10,1,1,DEVICE3-1,Y,27242,139542,112300.0,,,,,,P10,P10,Intermediate,False,CON,1,DEVICE3-1,27242,139542,112300,1,1,P10_T1_DEVICE3-1_121,1,Some prior experience,Any previous experience,-2.0,-7.181159420289855
P10,1,2,DEVICE2-1,Y,147769,352537,204768.0,,,,,,P10,P10,Intermediate,False,ATG,1,DEVICE2-1,147769,352537,204768,1,2,P10_T2_DEVICE2-1_122,1,Some prior experience,Any previous experience,-2.0,-6.181159420289855
P10,1,3,DEVICE1-1,Y,370742,524622,153880.0,412413,448458,468902,485656,506517,P10,P10,Intermediate,False,MST,1,DEVICE1-1,370742,524622,153880,1,3,P10_T3_DEVICE1-1_123,1,Some prior experience,Any previous experience,-2.0,-5.181159420289855
P10,2,4,DEVICE1-2,Y,542533,693981,151448.0,578486,621905,636668,647957,676613,P10,P10,Intermediate,False,MST,2,DEVICE1-2,542533,693981,151448,1,4,P10_T4_DEVICE1-2_124,1,Some prior experience,Any previous experience,-1.0,-4.181159420289855
P10,2,5,DEVICE3-2,N,713855,841029,127174.0,,,,,,P10,P10,Intermediate,False,CON,2,DEVICE3-2,713855,841029,127174,0,5,P10_T5_DEVICE3-2_125,1,Some prior experience,Any previous experience,-1.0,-3.1811594202898554
P10,2,6,DEVICE2-2,N,861878,1008954,147076.0,,,,,,P10,P10,Intermediate,False,ATG,2,DEVICE2-2,861878,1008954,147076,0,6,P10_T6_DEVICE2-2_126,1,Some prior experience,Any previous experience,-1.0,-2.1811594202898554
P10,3,7,DEVICE3-3,Y,1021548,1113922,92374.0,,,,,,P10,P10,Intermediate,False,CON,3,DEVICE3-3,1021548,1113922,92374,1,7,P10_T7_DEVICE3-3_127,1,Some prior experience,Any previous experience,0.0,-1.1811594202898554
P10,3,8,DEVICE2-3,N,1126862,1305444,178582.0,,,,,,P10,P10,Intermediate,False,ATG,3,DEVICE2-3,1126862,1305444,178582,0,8,P10_T8_DEVICE2-3_128,1,Some prior experience,Any previous experience,0.0,-0.18115942028985543
P10,3,9,DEVICE1-3,N,1317739,1514861,197122.0,1329028,1362895,1377658,1392420,1507046,P10,P10,Intermediate,False,MST,3,DEVICE1-3,1317739,1514861,197122,0,9,P10_T9_DEVICE1-3_129,1,Some prior experience,Any previous experience,0.0,0.8188405797101446
P10,3,10,DEVICE1-3,N,1557412,1829214,271802.0,1568701,1664223,1679853,1689405,1817926,P10,P10,Intermediate,False,MST,3,DEVICE1-3,1557412,1829214,271802,0,10,P10_T10_DEVICE1-3_130,1,Some prior experience,Any previous experience,0.0,1.8188405797101446
P10,4,11,DEVICE3-4,Y,1884137,1987755,103618.0,,,,,,P10,P10,Intermediate,False,CON,4,DEVICE3-4,1884137,1987755,103618,1,11,P10_T11_DEVICE3-4_131,1,Some prior experience,Any previous experience,1.0,2.8188405797101446
P10,4,12,DEVICE1-4,Y,2012090,2205329,193239.0,2043895,2117930,2164169,2141450/2172187,2189560,P10,P10,Intermediate,False,MST,4,DEVICE1-4,2012090,2205329,193239,1,12,P10_T12_DEVICE1-4_132,1,Some prior experience,Any previous experience,1.0,3.8188405797101446
P10,4,13,DEVICE2-4,Y,11268,118712,107444.0,,,,,,P10,P10,Intermediate,False,ATG,4,DEVICE2-4,11268,118712,107444,1,13,P10_T13_DEVICE2-4_133,2,Some prior experience,Any previous experience,1.0,4.818840579710145
P10,5,14,DEVICE3-5 ,Y,164274,222932,58658.0,,,,,,P10,P10,Intermediate,False,CON,5,DEVICE3-5,164274,222932,58658,1,14,P10_T14_DEVICE3-5_134,2,Some prior experience,Any previous experience,2.0,5.818840579710145
P10,5,15,DEVICE1-5 ,Y,387452,545295,157843.0,410351,450425,466782,493771,532210,P10,P10,Intermediate,False,MST,5,DEVICE1-5,387452,545295,157843,1,15,P10_T15_DEVICE1-5_135,2,Some prior experience,Any previous experience,2.0,6.818840579710145
P10,5,16,DEVICE2-5 ,Y,667841,875905,208064.0,,,,,,P10,P10,Intermediate,False,ATG,5,DEVICE2-5,667841,875905,208064,1,16,P10_T16_DEVICE2-5_136,2,Some prior experience,Any previous experience,2.0,7.818840579710145
P11,1,1,DEVICE2-1,Y,21784,169833,148049.0,,,,,,P11,P11,Intermediate,False,ATG,1,DEVICE2-1,21784,169833,148049,1,1,P11_T1_DEVICE2-1_137,1,Some prior experience,Any previous experience,-2.0,-7.181159420289855
P11,1,2,DEVICE1-1,Y,16786,301357,284571.0,88427,137691,159808,230907,280099,P11,P11,Intermediate,False,MST,1,DEVICE1-1,16786,301357,284571,1,2,P11_T2_DEVICE1-1_138,2,Some prior experience,Any previous experience,-2.0,-6.181159420289855
P11,1,3,DEVICE3-1,Y,317174,445330,128156.0,,,,,,P11,P11,Intermediate,False,CON,1,DEVICE3-1,317174,445330,128156,1,3,P11_T3_DEVICE3-1_139,2,Some prior experience,Any previous experience,-2.0,-5.181159420289855
P11,2,4,DEVICE3-2,Y,450815,559863,109048.0,,,,,,P11,P11,Intermediate,False,CON,2,DEVICE3-2,450815,559863,109048,1,4,P11_T4_DEVICE3-2_140,2,Some prior experience,Any previous experience,-1.0,-4.181159420289855
P11,2,5,DEVICE2-2,N,575960,677206,101246.0,,,,,,P11,P11,Intermediate,False,ATG,2,DEVICE2-2,575960,677206,101246,0,5,P11_T5_DEVICE2-2_141,2,Some prior experience,Any previous experience,-1.0,-3.1811594202898554
P11,2,6,DEVICE1-2,Y,693862,941556,247694.0,735441,785445,876916,900089,933019,P11,P11,Intermediate,False,MST,2,DEVICE1-2,693862,941556,247694,1,6,P11_T6_DEVICE1-2_142,2,Some prior experience,Any previous experience,-1.0,-2.1811594202898554
P11,3,7,DEVICE3-3,Y,955649,1056604,100955.0,,,,,,P11,P11,Intermediate,False,CON,3,DEVICE3-3,955649,1056604,100955,1,7,P11_T7_DEVICE3-3_143,2,Some prior experience,Any previous experience,0.0,-1.1811594202898554
P11,3,8,DEVICE2-3,N,1077200,1210026,132826.0,,,,,,P11,P11,Intermediate,False,ATG,3,DEVICE2-3,1077200,1210026,132826,0,8,P11_T8_DEVICE2-3_144,2,Some prior experience,Any previous experience,0.0,-0.18115942028985543
P11,3,9,DEVICE1-3,Y,1239142,1419644,180502.0,1272071,1320856,1348907,1374519,1405009,P11,P11,Intermediate,False,MST,3,DEVICE1-3,1239142,1419644,180502,1,9,P11_T9_DEVICE1-3_145,2,Some prior experience,Any previous experience,0.0,0.8188405797101446
P11,4,10,DEVICE3-4,Y,1434290,1520896,86606.0,,,,,,P11,P11,Intermediate,False,CON,4,DEVICE3-4,1434290,1520896,86606,1,10,P11_T10_DEVICE3-4_146,2,Some prior experience,Any previous experience,1.0,1.8188405797101446
P11,4,11,DEVICE1-4,Y,1541955,1704163,162208.0,1580982,1617571,1644402,1659038,1689528,P11,P11,Intermediate,False,MST,4,DEVICE1-4,1541955,1704163,162208,1,11,P11_T11_DEVICE1-4_147,2,Some prior experience,Any previous experience,1.0,2.8188405797101446
P11,4,12,DEVICE2-4,N,1726234,1821574,95340.0,,,,,,P11,P11,Intermediate,False,ATG,4,DEVICE2-4,1726234,1821574,95340,0,12,P11_T12_DEVICE2-4_148,2,Some prior experience,Any previous experience,1.0,3.8188405797101446
P11,5,13,DEVICE3-5 ,Y,1885244,1978956,93712.0,,,,,,P11,P11,Intermediate,False,CON,5,DEVICE3-5,1885244,1978956,93712,1,13,P11_T13_DEVICE3-5_149,2,Some prior experience,Any previous experience,2.0,4.818840579710145
P11,5,14,DEVICE1-5 ,Y,2066470,2281122,214652.0,2104278,2156721,2175015,2195749,2237216,P11,P11,Intermediate,False,MST,5,DEVICE1-5,2066470,2281122,214652,1,14,P11_T14_DEVICE1-5_150,2,Some prior experience,Any previous experience,2.0,5.818840579710145
P11,5,15,DEVICE2-5 ,N,2392017,2524219,132202.0,,,,,,P11,P11,Intermediate,False,ATG,5,DEVICE2-5,2392017,2524219,132202,0,15,P11_T15_DEVICE2-5_151,2,Some prior experience,Any previous experience,2.0,6.818840579710145
P12,1,1,DEVICE1-1,Y,42351,183810,141459.0,52523,91595,112356,131502,158681,P12,P12,Expert,False,MST,1,DEVICE1-1,42351,183810,141459,1,1,P12_T1_DEVICE1-1_152,1,Higher prior experience,Any previous experience,-2.0,-7.181159420289855
P12,1,2,DEVICE3-1,Y,215446,299085,83639.0,,,,,,P12,P12,Expert,False,CON,1,DEVICE3-1,215446,299085,83639,1,2,P12_T2_DEVICE3-1_153,1,Higher prior experience,Any previous experience,-2.0,-6.181159420289855
P12,1,3,DEVICE2-1,Y,324274,444850,120576.0,,,,,,P12,P12,Expert,False,ATG,1,DEVICE2-1,324274,444850,120576,1,3,P12_T3_DEVICE2-1_154,1,Higher prior experience,Any previous experience,-2.0,-5.181159420289855
P12,2,4,DEVICE2-2,Y,460389,540441,80052.0,,,,,,P12,P12,Expert,False,ATG,2,DEVICE2-2,460389,540441,80052,1,4,P12_T4_DEVICE2-2_155,1,Higher prior experience,Any previous experience,-1.0,-4.181159420289855
P12,2,5,DEVICE1-2,Y,562702,674498,111796.0,575607,608571,628584,642712,666901,P12,P12,Expert,False,MST,2,DEVICE1-2,562702,674498,111796,1,5,P12_T5_DEVICE1-2_156,1,Higher prior experience,Any previous experience,-1.0,-3.1811594202898554
P12,2,6,DEVICE3-2,Y,691885,737218,45333.0,,,,,,P12,P12,Expert,False,CON,2,DEVICE3-2,691885,737218,45333,1,6,P12_T6_DEVICE3-2_157,1,Higher prior experience,Any previous experience,-1.0,-2.1811594202898554
P12,3,7,DEVICE1-3,Y,758084,885230,127146.0,780452,813416,835784,849912,875811,P12,P12,Expert,False,MST,3,DEVICE1-3,758084,885230,127146,1,7,P12_T7_DEVICE1-3_158,1,Higher prior experience,Any previous experience,0.0,-1.1811594202898554
P12,3,8,DEVICE2-3,Y,899242,983594,84352.0,,,,,,P12,P12,Expert,False,ATG,3,DEVICE2-3,899242,983594,84352,1,8,P12_T8_DEVICE2-3_159,1,Higher prior experience,Any previous experience,0.0,-0.18115942028985543
P12,3,9,DEVICE3-3,Y,1015039,1071863,56824.0,,,,,,P12,P12,Expert,False,CON,3,DEVICE3-3,1015039,1071863,56824,1,9,P12_T9_DEVICE3-3_160,1,Higher prior experience,Any previous experience,0.0,0.8188405797101446
P12,4,10,DEVICE1-4,Y,1084189,1171355,87166.0,1091514,1109312,1122839,1135653,1159147,P12,P12,Expert,False,MST,4,DEVICE1-4,1084189,1171355,87166,1,10,P12_T10_DEVICE1-4_161,1,Higher prior experience,Any previous experience,1.0,1.8188405797101446
P12,4,11,DEVICE3-4,Y,1195245,1235482,40237.0,,,,,,P12,P12,Expert,False,CON,4,DEVICE3-4,1195245,1235482,40237,1,11,P12_T11_DEVICE3-4_162,1,Higher prior experience,Any previous experience,1.0,2.8188405797101446
P12,4,12,DEVICE2-4,Y,1243838,1302657,58819.0,,,,,,P12,P12,Expert,False,ATG,4,DEVICE2-4,1243838,1302657,58819,1,12,P12_T12_DEVICE2-4_163,1,Higher prior experience,Any previous experience,1.0,3.8188405797101446
P12,5,13,DEVICE3-5 ,Y,1318471,1360687,42216.0,,,,,,P12,P12,Expert,False,CON,5,DEVICE3-5,1318471,1360687,42216,1,13,P12_T13_DEVICE3-5_164,1,Higher prior experience,Any previous experience,2.0,4.818840579710145
P12,5,14,DEVICE1-5 ,Y,1471968,1573062,101094.0,1486207,1505429,1520379,1533906,1560247,P12,P12,Expert,False,MST,5,DEVICE1-5,1471968,1573062,101094,1,14,P12_T14_DEVICE1-5_165,1,Higher prior experience,Any previous experience,2.0,5.818840579710145
P12,5,15,DEVICE2-5 ,Y,1686172,1843965,157793.0,,,,,,P12,P12,Expert,False,ATG,5,DEVICE2-5,1686172,1843965,157793,1,15,P12_T15_DEVICE2-5_166,1,Higher prior experience,Any previous experience,2.0,6.818840579710145
P13,1,1,DEVICE2-1,Y,24350,197115,172765.0,,,,,,P13,P13,Novice,False,ATG,1,DEVICE2-1,24350,197115,172765,1,1,P13_T1_DEVICE2-1_167,1,No prior experience,No previous experience,-2.0,-7.181159420289855
P13,1,2,DEVICE3-1,N,235174,406259,171085.0,,,,,,P13,P13,Novice,False,CON,1,DEVICE3-1,235174,406259,171085,0,2,P13_T2_DEVICE3-1_168,1,No prior experience,No previous experience,-2.0,-6.181159420289855
P13,1,3,DEVICE1-1,Y,450961,666802,215841.0,503630,528757,613250,625781,651857,P13,P13,Novice,False,MST,1,DEVICE1-1,450961,666802,215841,1,3,P13_T3_DEVICE1-1_169,1,No prior experience,No previous experience,-2.0,-5.181159420289855
P13,2,4,DEVICE1-2,Y,15951,238369,222418.0,106588,121495,163236,181721,224058,P13,P13,Novice,False,MST,2,DEVICE1-2,15951,238369,222418,1,4,P13_T4_DEVICE1-2_170,2,No prior experience,No previous experience,-1.0,-4.181159420289855
P13,2,5,DEVICE2-2,N,258823,392263,133440.0,,,,,,P13,P13,Novice,False,ATG,2,DEVICE2-2,258823,392263,133440,0,5,P13_T5_DEVICE2-2_171,2,No prior experience,No previous experience,-1.0,-3.1811594202898554
P13,2,6,DEVICE3-2,N,416861,532914,116053.0,,,,,,P13,P13,Novice,False,CON,2,DEVICE3-2,416861,532914,116053,0,6,P13_T6_DEVICE3-2_172,2,No prior experience,No previous experience,-1.0,-2.1811594202898554
P13,3,7,DEVICE1-3,N,549635,697516,147881.0,601513,615824,674857,690361,,P13,P13,Novice,False,MST,3,DEVICE1-3,549635,697516,147881,0,7,P13_T7_DEVICE1-3_173,2,No prior experience,No previous experience,0.0,-1.1811594202898554
P13,3,8,DEVICE2-3,Y,76647,144712,68065.0,,,,,,P13,P13,Novice,False,ATG,3,DEVICE2-3,76647,144712,68065,1,8,P13_T8_DEVICE2-3_174,3,No prior experience,No previous experience,0.0,-0.18115942028985543
P13,3,9,DEVICE3-3,N,163358,319269,155911.0,,,,,,P13,P13,Novice,False,CON,3,DEVICE3-3,163358,319269,155911,0,9,P13_T9_DEVICE3-3_175,3,No prior experience,No previous experience,0.0,0.8188405797101446
P13,4,10,DEVICE1-4,Y,336618,471755,135137.0,354244,386560,414958,426709,458045,P13,P13,Novice,False,MST,4,DEVICE1-4,336618,471755,135137,1,10,P13_T10_DEVICE1-4_176,3,No prior experience,No previous experience,1.0,1.8188405797101446
P13,4,11,DEVICE2-4,N,480940,572006,91066.0,,,,,,P13,P13,Novice,False,ATG,4,DEVICE2-4,480940,572006,91066,0,11,P13_T11_DEVICE2-4_177,3,No prior experience,No previous experience,1.0,2.8188405797101446
P13,4,12,DEVICE3-4,Y,586250,672426,86176.0,,,,,,P13,P13,Novice,False,CON,4,DEVICE3-4,586250,672426,86176,1,12,P13_T12_DEVICE3-4_178,3,No prior experience,No previous experience,1.0,3.8188405797101446
P13,5,13,DEVICE1-5 ,N,744966,921231,176265.0,802742,834078,864435,879124,900667,P13,P13,Novice,False,MST,5,DEVICE1-5,744966,921231,176265,0,13,P13_T13_DEVICE1-5_179,3,No prior experience,No previous experience,2.0,4.818840579710145
P13,5,14,DEVICE3-5 ,N,941564,1002578,61014.0,,,,,,P13,P13,Novice,False,CON,5,DEVICE3-5,941564,1002578,61014,0,14,P13_T14_DEVICE3-5_180,3,No prior experience,No previous experience,2.0,5.818840579710145
P13,5,15,DEVICE2-5 ,N,1024321,1156743,132422.0,,,,,,P13,P13,Novice,False,ATG,5,DEVICE2-5,1024321,1156743,132422,0,15,P13_T15_DEVICE2-5_181,3,No prior experience,No previous experience,2.0,6.818840579710145
P15,1,1,DEVICE1-1,N,12472,327083,314611.0,32383,152878,204257,236018,261915,P15,P15,Novice,False,MST,1,DEVICE1-1,12472,327083,314611,0,1,P15_T1_DEVICE1-1_191,1,No prior experience,No previous experience,-2.0,-7.181159420289855
P15,1,2,DEVICE3-1,Y,351802,470590,118788.0,,,,,,P15,P15,Novice,False,CON,1,DEVICE3-1,351802,470590,118788,1,2,P15_T2_DEVICE3-1_192,1,No prior experience,No previous experience,-2.0,-6.181159420289855
P15,1,3,DEVICE2-1,Y,498468,608782,110314.0,,,,,,P15,P15,Novice,False,ATG,1,DEVICE2-1,498468,608782,110314,1,3,P15_T3_DEVICE2-1_193,1,No prior experience,No previous experience,-2.0,-5.181159420289855
P15,2,4,DEVICE2-2,Y,617285,773210,155925.0,,,,,,P15,P15,Novice,False,ATG,2,DEVICE2-2,617285,773210,155925,1,4,P15_T4_DEVICE2-2_194,1,No prior experience,No previous experience,-1.0,-4.181159420289855
P15,2,5,DEVICE1-2,Y,798507,954542,156035.0,813862,852013,906379,893401/919575,933682,P15,P15,Novice,False,MST,2,DEVICE1-2,798507,954542,156035,1,5,P15_T5_DEVICE1-2_195,1,No prior experience,No previous experience,-1.0,-3.1811594202898554
P15,2,6,DEVICE3-2,Y,973506,1050758,77252.0,,,,,,P15,P15,Novice,False,CON,2,DEVICE3-2,973506,1050758,77252,1,6,P15_T6_DEVICE3-2_196,1,No prior experience,No previous experience,-1.0,-2.1811594202898554
P15,3,7,DEVICE1-3,Y,1084336,1201290,116954.0,1096943,1121246,1147392,1161074,1183078,P15,P15,Novice,False,MST,3,DEVICE1-3,1084336,1201290,116954,1,7,P15_T7_DEVICE1-3_197,1,No prior experience,No previous experience,0.0,-1.1811594202898554
P15,3,8,DEVICE2-3,Y,1222559,1324829,102270.0,,,,,,P15,P15,Novice,False,ATG,3,DEVICE2-3,1222559,1324829,102270,1,8,P15_T8_DEVICE2-3_198,1,No prior experience,No previous experience,0.0,-0.18115942028985543
P15,3,9,DEVICE3-3,N,1345258,1526070,180812.0,,,,,,P15,P15,Novice,False,CON,3,DEVICE3-3,1345258,1526070,180812,0,9,P15_T9_DEVICE3-3_199,1,No prior experience,No previous experience,0.0,0.8188405797101446
P15,4,10,DEVICE1-4,Y,1576734,1690166,113432.0,1584974,1601621,1635403,1642915,1668749,P15,P15,Novice,False,MST,4,DEVICE1-4,1576734,1690166,113432,1,10,P15_T10_DEVICE1-4_200,1,No prior experience,No previous experience,1.0,1.8188405797101446
P15,4,11,DEVICE3-4,Y,1711000,1788878,77878.0,,,,,,P15,P15,Novice,False,CON,4,DEVICE3-4,1711000,1788878,77878,1,11,P15_T11_DEVICE3-4_201,1,No prior experience,No previous experience,1.0,2.8188405797101446
P15,4,12,DEVICE2-4,N,1806215,1937243,131028.0,,,,,,P15,P15,Novice,False,ATG,4,DEVICE2-4,1806215,1937243,131028,0,12,P15_T12_DEVICE2-4_202,1,No prior experience,No previous experience,1.0,3.8188405797101446
P15,5,13,DEVICE3-5 ,N,1974239,2039769,65530.0,,,,,,P15,P15,Novice,False,CON,5,DEVICE3-5,1974239,2039769,65530,0,13,P15_T13_DEVICE3-5_203,1,No prior experience,No previous experience,2.0,4.818840579710145
P15,5,14,DEVICE1-5 ,Y,2113528,2271783,158255.0,2130598,2153630,2214746,2183889/2226849,2247770,P15,P15,Novice,False,MST,5,DEVICE1-5,2113528,2271783,158255,1,14,P15_T14_DEVICE1-5_204,1,No prior experience,No previous experience,2.0,5.818840579710145
P15,5,15,DEVICE2-5 ,Y,2337240,2415226,77986.0,,,,,,P15,P15,Novice,False,ATG,5,DEVICE2-5,2337240,2415226,77986,1,15,P15_T15_DEVICE2-5_205,1,No prior experience,No previous experience,2.0,6.818840579710145
P16,1,1,DEVICE3-1,Y,22275,248590,226315.0,,,,,,P16,P16,Intermediate,False,CON,1,DEVICE3-1,22275,248590,226315,1,1,P16_T1_DEVICE3-1_206,1,Some prior experience,Any previous experience,-2.0,-7.181159420289855
P16,1,2,DEVICE2-1,N,270078,676068,405990.0,,,,,,P16,P16,Intermediate,False,ATG,1,DEVICE2-1,270078,676068,405990,0,2,P16_T2_DEVICE2-1_207,1,Some prior experience,Any previous experience,-2.0,-6.181159420289855
P16,1,3,DEVICE1-1,N,698581,1051697,353116.0,739727,894010,,950631,,P16,P16,Intermediate,False,MST,1,DEVICE1-1,698581,1051697,353116,0,3,P16_T3_DEVICE1-1_208,1,Some prior experience,Any previous experience,-2.0,-5.181159420289855
P16,2,4,DEVICE1-2,N,58522,470494,411972.0,142575,213713,244174,263644,460898,P16,P16,Intermediate,False,MST,2,DEVICE1-2,58522,470494,411972,0,4,P16_T4_DEVICE1-2_209,2,Some prior experience,Any previous experience,-1.0,-4.181159420289855
P16,2,5,DEVICE3-2,Y,488709,616786,128077.0,,,,,,P16,P16,Intermediate,False,CON,2,DEVICE3-2,488709,616786,128077,1,5,P16_T5_DEVICE3-2_210,2,Some prior experience,Any previous experience,-1.0,-3.1811594202898554
P16,2,6,DEVICE2-2,N,638208,917264,279056.0,,,,,,P16,P16,Intermediate,False,ATG,2,DEVICE2-2,638208,917264,279056,0,6,P16_T6_DEVICE2-2_211,2,Some prior experience,Any previous experience,-1.0,-2.1811594202898554
P16,3,7,DEVICE3-3,Y,14822,158930,144108.0,,,,,,P16,P16,Intermediate,False,CON,3,DEVICE3-3,14822,158930,144108,1,7,P16_T7_DEVICE3-3_212,3,Some prior experience,Any previous experience,0.0,-1.1811594202898554
P16,3,8,DEVICE2-3,Y,178806,301244,122438.0,,,,,,P16,P16,Intermediate,False,ATG,3,DEVICE2-3,178806,301244,122438,1,8,P16_T8_DEVICE2-3_213,3,Some prior experience,Any previous experience,0.0,-0.18115942028985543
P16,3,9,DEVICE1-3,Y,327078,572154,245076.0,354562,429485,461516,473927,548206,P16,P16,Intermediate,False,MST,3,DEVICE1-3,327078,572154,245076,1,9,P16_T9_DEVICE1-3_214,3,Some prior experience,Any previous experience,0.0,0.8188405797101446
P16,4,10,DEVICE3-4,Y,587587,726902,139315.0,,,,,,P16,P16,Intermediate,False,CON,4,DEVICE3-4,587587,726902,139315,1,10,P16_T10_DEVICE3-4_215,3,Some prior experience,Any previous experience,1.0,1.8188405797101446
P16,4,11,DEVICE1-4,Y,740609,1061190,320581.0,775202/848813,909508,985144,968047/991750,1041633,P16,P16,Intermediate,False,MST,4,DEVICE1-4,740609,1061190,320581,1,11,P16_T11_DEVICE1-4_216,3,Some prior experience,Any previous experience,1.0,2.8188405797101446
P16,4,12,DEVICE2-4,Y,1098912,1206691,107779.0,,,,,,P16,P16,Intermediate,False,ATG,4,DEVICE2-4,1098912,1206691,107779,1,12,P16_T12_DEVICE2-4_217,3,Some prior experience,Any previous experience,1.0,3.8188405797101446
P16,5,13,DEVICE3-5 ,Y,1239339,1347478,108139.0,,,,,,P16,P16,Intermediate,False,CON,5,DEVICE3-5,1239339,1347478,108139,1,13,P16_T13_DEVICE3-5_218,3,Some prior experience,Any previous experience,2.0,4.818840579710145
P16,5,14,DEVICE1-5 ,N,1450985,1769588,318603.0,1488254,1621120,1650992,1665707,1748116,P16,P16,Intermediate,False,MST,5,DEVICE1-5,1450985,1769588,318603,0,14,P16_T14_DEVICE1-5_219,3,Some prior experience,Any previous experience,2.0,5.818840579710145
P16,5,15,DEVICE2-5 ,N,1804844,1870559,65715.0,,,,,,P16,P16,Intermediate,False,ATG,5,DEVICE2-5,1804844,1870559,65715,0,15,P16_T15_DEVICE2-5_220,3,Some prior experience,Any previous experience,2.0,6.818840579710145
P17,1,1,DEVICE2-1,Y,26676,206080,179404.0,,,,,,P17,P17,Novice,False,ATG,1,DEVICE2-1,26676,206080,179404,1,1,P17_T1_DEVICE2-1_221,1,No prior experience,No previous experience,-2.0,-7.181159420289855
P17,1,2,DEVICE1-1,Y,224031,522525,298494.0,266742,334680,378728,395833,463163,P17,P17,Novice,False,MST,1,DEVICE1-1,224031,522525,298494,1,2,P17_T2_DEVICE1-1_222,1,No prior experience,No previous experience,-2.0,-6.181159420289855
P17,1,3,DEVICE3-1,N,536941,696459,159518.0,,,,,,P17,P17,Novice,False,CON,1,DEVICE3-1,536941,696459,159518,0,3,P17_T3_DEVICE3-1_223,1,No prior experience,No previous experience,-2.0,-5.181159420289855
P17,2,4,DEVICE3-2,N,715780,954554,238774.0,,,,,,P17,P17,Novice,False,CON,2,DEVICE3-2,715780,954554,238774,0,4,P17_T4_DEVICE3-2_224,1,No prior experience,No previous experience,-1.0,-4.181159420289855
P17,2,5,DEVICE2-2,N,967445,1119878,152433.0,,,,,,P17,P17,Novice,False,ATG,2,DEVICE2-2,967445,1119878,152433,0,5,P17_T5_DEVICE2-2_225,1,No prior experience,No previous experience,-1.0,-3.1811594202898554
P17,2,6,DEVICE1-2,Y,1133710,1622955,489245.0,1159340,1430260,1461570,1470615,1553860,P17,P17,Novice,False,MST,2,DEVICE1-2,1133710,1622955,489245,1,6,P17_T6_DEVICE1-2_226,1,No prior experience,No previous experience,-1.0,-2.1811594202898554
P17,3,7,DEVICE3-3,Y,1656420,1887414,230994.0,,,,,,P17,P17,Novice,False,CON,3,DEVICE3-3,1656420,1887414,230994,1,7,P17_T7_DEVICE3-3_227,1,No prior experience,No previous experience,0.0,-1.1811594202898554
P17,3,8,DEVICE2-3,N,1906808,2048286,141478.0,,,,,,P17,P17,Novice,False,ATG,3,DEVICE2-3,1906808,2048286,141478,0,8,P17_T8_DEVICE2-3_228,1,No prior experience,No previous experience,0.0,-0.18115942028985543
P17,3,9,DEVICE1-3,Y,2068959,2247486,178527.0,2102751,2125489,2149185,2160147,2219748,P17,P17,Novice,False,MST,3,DEVICE1-3,2068959,2247486,178527,1,9,P17_T9_DEVICE1-3_229,1,No prior experience,No previous experience,0.0,0.8188405797101446
P17,4,10,DEVICE3-4,Y,28324,153531,125207.0,,,,,,P17,P17,Novice,False,CON,4,DEVICE3-4,28324,153531,125207,1,10,P17_T10_DEVICE3-4_230,2,No prior experience,No previous experience,1.0,1.8188405797101446
P17,4,11,DEVICE1-4,Y,174555,339154,164599.0,186138,220626,239962,252162,319489,P17,P17,Novice,False,MST,4,DEVICE1-4,174555,339154,164599,1,11,P17_T11_DEVICE1-4_231,2,No prior experience,No previous experience,1.0,2.8188405797101446
P17,4,12,DEVICE2-4,Y,359528,448829,89301.0,,,,,,P17,P17,Novice,False,ATG,4,DEVICE2-4,359528,448829,89301,1,12,P17_T12_DEVICE2-4_232,2,No prior experience,No previous experience,1.0,3.8188405797101446
P17,5,13,DEVICE3-5 ,Y,468169,579356,111187.0,,,,,,P17,P17,Novice,False,CON,5,DEVICE3-5,468169,579356,111187,1,13,P17_T13_DEVICE3-5_233,2,No prior experience,No previous experience,2.0,4.818840579710145
P17,5,14,DEVICE1-5 ,Y,700722,881613,180891.0,735669,754431,781545,790074,826068,P17,P17,Novice,False,MST,5,DEVICE1-5,700722,881613,180891,1,14,P17_T14_DEVICE1-5_234,2,No prior experience,No previous experience,2.0,5.818840579710145
P17,5,15,DEVICE2-5 ,N,988497,1092880,104383.0,,,,,,P17,P17,Novice,False,ATG,5,DEVICE2-5,988497,1092880,104383,0,15,P17_T15_DEVICE2-5_235,2,No prior experience,No previous experience,2.0,6.818840579710145
P18,1,1,DEVICE1-1,Y,21554,259287,237733.0,54336,103508,150013,129722/158420,227862,P18,P18,Novice,False,MST,1,DEVICE1-1,21554,259287,237733,1,1,P18_T1_DEVICE1-1_236,1,No prior experience,No previous experience,-2.0,-7.181159420289855
P18,1,2,DEVICE3-1,Y,16732,113277,96545.0,,,,,,P18,P18,Novice,False,CON,1,DEVICE3-1,16732,113277,96545,1,2,P18_T2_DEVICE3-1_237,2,No prior experience,No previous experience,-2.0,-6.181159420289855
P18,1,3,DEVICE2-1,Y,145949,265048,119099.0,,,,,,P18,P18,Novice,False,ATG,1,DEVICE2-1,145949,265048,119099,1,3,P18_T3_DEVICE2-1_238,2,No prior experience,No previous experience,-2.0,-5.181159420289855
P18,2,4,DEVICE2-2,Y,281130,365845,84715.0,,,,,,P18,P18,Novice,False,ATG,2,DEVICE2-2,281130,365845,84715,1,4,P18_T4_DEVICE2-2_239,2,No prior experience,No previous experience,-1.0,-4.181159420289855
P18,2,5,DEVICE1-2,Y,408986,571698,162712.0,432198,462085,485604,497798,545693,P18,P18,Novice,False,MST,2,DEVICE1-2,408986,571698,162712,1,5,P18_T5_DEVICE1-2_240,2,No prior experience,No previous experience,-1.0,-3.1811594202898554
P18,2,6,DEVICE3-2,Y,624217,705607,81390.0,,,,,,P18,P18,Novice,False,CON,2,DEVICE3-2,624217,705607,81390,1,6,P18_T6_DEVICE3-2_241,2,No prior experience,No previous experience,-1.0,-2.1811594202898554
P18,3,7,DEVICE1-3,Y,731989,1008905,276916.0,779502,809175,829859,837491,967218,P18,P18,Novice,False,MST,3,DEVICE1-3,731989,1008905,276916,1,7,P18_T7_DEVICE1-3_242,2,No prior experience,No previous experience,0.0,-1.1811594202898554
P18,3,8,DEVICE2-3,Y,1101588,1199904,98316.0,,,,,,P18,P18,Novice,False,ATG,3,DEVICE2-3,1101588,1199904,98316,1,8,P18_T8_DEVICE2-3_243,2,No prior experience,No previous experience,0.0,-0.18115942028985543
P18,3,9,DEVICE3-3,Y,1216216,1299301,83085.0,,,,,,P18,P18,Novice,False,CON,3,DEVICE3-3,1216216,1299301,83085,1,9,P18_T9_DEVICE3-3_244,2,No prior experience,No previous experience,0.0,0.8188405797101446
P18,4,10,DEVICE1-4,N,1314288,1524946,210658.0,1337775,1370229,1388478,1398993,1497937,P18,P18,Novice,False,MST,4,DEVICE1-4,1314288,1524946,210658,0,10,P18_T10_DEVICE1-4_245,2,No prior experience,No previous experience,1.0,1.8188405797101446
P18,4,11,DEVICE3-4,Y,1546102,1619347,73245.0,,,,,,P18,P18,Novice,False,CON,4,DEVICE3-4,1546102,1619347,73245,1,11,P18_T11_DEVICE3-4_246,2,No prior experience,No previous experience,1.0,2.8188405797101446
P18,4,12,DEVICE2-4,N,1638537,1757072,118535.0,,,,,,P18,P18,Novice,False,ATG,4,DEVICE2-4,1638537,1757072,118535,0,12,P18_T12_DEVICE2-4_247,2,No prior experience,No previous experience,1.0,3.8188405797101446
P18,5,13,DEVICE3-5 ,Y,1775073,1851702,76629.0,,,,,,P18,P18,Novice,False,CON,5,DEVICE3-5,1775073,1851702,76629,1,13,P18_T13_DEVICE3-5_248,2,No prior experience,No previous experience,2.0,4.818840579710145
P18,5,14,DEVICE1-5 ,Y,1941614,2096643,155029.0,1964876,2011758,2033737,2041771,2073358,P18,P18,Novice,False,MST,5,DEVICE1-5,1941614,2096643,155029,1,14,P18_T14_DEVICE1-5_249,2,No prior experience,No previous experience,2.0,5.818840579710145
P18,5,15,DEVICE2-5 ,Y,2176323,2249794,73471.0,,,,,,P18,P18,Novice,False,ATG,5,DEVICE2-5,2176323,2249794,73471,1,15,P18_T15_DEVICE2-5_250,2,No prior experience,No previous experience,2.0,6.818840579710145
P19,1,1,DEVICE3-1,N,11665,550598,538933.0,,,,,,P19,P19,Novice,False,CON,1,DEVICE3-1,11665,550598,538933,0,1,P19_T1_DEVICE3-1_251,1,No prior experience,No previous experience,-2.0,-7.181159420289855
P19,1,2,DEVICE2-1,N,568280,750439,182159.0,,,,,,P19,P19,Novice,False,ATG,1,DEVICE2-1,568280,750439,182159,0,2,P19_T2_DEVICE2-1_252,1,No prior experience,No previous experience,-2.0,-6.181159420289855
P19,1,3,DEVICE1-1,Y,22860,380458,357598.0,73028,161152,293160,215302/303747,349029,P19,P19,Novice,False,MST,1,DEVICE1-1,22860,380458,357598,1,3,P19_T3_DEVICE1-1_253,2,No prior experience,No previous experience,-2.0,-5.181159420289855
P19,2,4,DEVICE1-2,N,406392,825442,419050.0,419170,661308,693461,707313,807054,P19,P19,Novice,False,MST,2,DEVICE1-2,406392,825442,419050,0,4,P19_T4_DEVICE1-2_254,2,No prior experience,No previous experience,-1.0,-4.181159420289855
P19,2,5,DEVICE3-2,N,847588,1220737,373149.0,,,,,,P19,P19,Novice,False,CON,2,DEVICE3-2,847588,1220737,373149,0,5,P19_T5_DEVICE3-2_255,2,No prior experience,No previous experience,-1.0,-3.1811594202898554
P19,2,6,DEVICE2-2,Y,1240543,1537735,297192.0,,,,,,P19,P19,Novice,False,ATG,2,DEVICE2-2,1240543,1537735,297192,1,6,P19_T6_DEVICE2-2_256,2,No prior experience,No previous experience,-1.0,-2.1811594202898554
P19,3,7,DEVICE3-3,Y,1562470,1800826,238356.0,,,,,,P19,P19,Novice,False,CON,3,DEVICE3-3,1562470,1800826,238356,1,7,P19_T7_DEVICE3-3_257,2,No prior experience,No previous experience,0.0,-1.1811594202898554
P19,3,8,DEVICE2-3,Y,1818739,2019222,200483.0,,,,,,P19,P19,Novice,False,ATG,3,DEVICE2-3,1818739,2019222,200483,1,8,P19_T8_DEVICE2-3_258,2,No prior experience,No previous experience,0.0,-0.18115942028985543
P19,3,9,DEVICE1-3,Y,2044630,2637590,592960.0,2082713,2455800,2475265,2484598/2500103,2619143,P19,P19,Novice,False,MST,3,DEVICE1-3,2044630,2637590,592960,1,9,P19_T9_DEVICE1-3_259,2,No prior experience,No previous experience,0.0,0.8188405797101446
P19,4,10,DEVICE3-4,Y,2655140,2791049,135909.0,,,,,,P19,P19,Novice,False,CON,4,DEVICE3-4,2655140,2791049,135909,1,10,P19_T10_DEVICE3-4_260,2,No prior experience,No previous experience,1.0,1.8188405797101446
P19,4,11,DEVICE1-4,Y,2804905,3072123,267218.0,2862402,2978674,3003050,3012786,3061414,P19,P19,Novice,False,MST,4,DEVICE1-4,2804905,3072123,267218,1,11,P19_T11_DEVICE1-4_261,2,No prior experience,No previous experience,1.0,2.8188405797101446
P19,4,12,DEVICE2-4,Y,3086854,3474559,387705.0,,,,,,P19,P19,Novice,False,ATG,4,DEVICE2-4,3086854,3474559,387705,1,12,P19_T12_DEVICE2-4_262,2,No prior experience,No previous experience,1.0,3.8188405797101446
P19,5,13,DEVICE3-5 ,Y,30592,180750,150158.0,,,,,,P19,P19,Novice,False,CON,5,DEVICE3-5,30592,180750,150158,1,13,P19_T13_DEVICE3-5_263,3,No prior experience,No previous experience,2.0,4.818840579710145
P19,5,14,DEVICE2-5 ,Y,315878,610350,294472.0,,,,,,P19,P19,Novice,False,ATG,5,DEVICE2-5,315878,610350,294472,1,14,P19_T14_DEVICE2-5_264,3,No prior experience,No previous experience,2.0,5.818840579710145
P19,5,15,DEVICE1-5 ,Y,777396,959194,181798.0,802786,871006,892524,901773,948242,P19,P19,Novice,False,MST,5,DEVICE1-5,777396,959194,181798,1,15,P19_T15_DEVICE1-5_265,3,No prior experience,No previous experience,2.0,6.818840579710145
P2,1,1,DEVICE3-1,Y,203230,356618,153388.0,,,,,,P2,P2,Intermediate,False,CON,1,DEVICE3-1,203230,356618,153388,1,1,P2_T1_DEVICE3-1_16,1,Some prior experience,Any previous experience,-2.0,-7.181159420289855
P2,1,2,DEVICE1-1,Y,386532,618752,232220.0,443976,495419,515731,530913,568260,P2,P2,Intermediate,False,MST,1,DEVICE1-1,386532,618752,232220,1,2,P2_T2_DEVICE1-1_17,1,Some prior experience,Any previous experience,-2.0,-6.181159420289855
P2,1,3,DEVICE2-1,Y,642983,848698,205715.0,,,,,,P2,P2,Intermediate,False,ATG,1,DEVICE2-1,642983,848698,205715,1,3,P2_T3_DEVICE2-1_18,1,Some prior experience,Any previous experience,-2.0,-5.181159420289855
P2,2,4,DEVICE2-2,Y,881216,996796,115580.0,,,,,,P2,P2,Intermediate,False,ATG,2,DEVICE2-2,881216,996796,115580,1,4,P2_T4_DEVICE2-2_19,1,Some prior experience,Any previous experience,-1.0,-4.181159420289855
P2,2,5,DEVICE3-2,Y,1021328,1152074,130746.0,,,,,,P2,P2,Intermediate,False,CON,2,DEVICE3-2,1021328,1152074,130746,1,5,P2_T5_DEVICE3-2_20,1,Some prior experience,Any previous experience,-1.0,-3.1811594202898554
P2,2,6,DEVICE1-2,Y,1183404,1466377,282973.0,1304285,1331758,1392199,1359231/1419672,1441651,P2,P2,Intermediate,False,MST,2,DEVICE1-2,1183404,1466377,282973,1,6,P2_T6_DEVICE1-2_21,1,Some prior experience,Any previous experience,-1.0,-2.1811594202898554
P2,3,7,DEVICE3-3,Y,1525021,1634513,109492.0,,,,,,P2,P2,Intermediate,False,CON,3,DEVICE3-3,1525021,1634513,109492,1,7,P2_T7_DEVICE3-3_22,1,Some prior experience,Any previous experience,0.0,-1.1811594202898554
P2,3,8,DEVICE2-3,N,1727227,1868718,141491.0,,,,,,P2,P2,Intermediate,False,ATG,3,DEVICE2-3,1727227,1868718,141491,0,8,P2_T8_DEVICE2-3_23,1,Some prior experience,Any previous experience,0.0,-0.18115942028985543
P2,3,9,DEVICE1-3,Y,1922430,2120236,197806.0,1985618,2007597,2037817,2068037,2090016,P2,P2,Intermediate,False,MST,3,DEVICE1-3,1922430,2120236,197806,1,9,P2_T9_DEVICE1-3_24,1,Some prior experience,Any previous experience,0.0,0.8188405797101446
P2,4,10,DEVICE3-4,N,2150327,2309543,159216.0,,,,,,P2,P2,Intermediate,False,CON,4,DEVICE3-4,2150327,2309543,159216,0,10,P2_T10_DEVICE3-4_25,1,Some prior experience,Any previous experience,1.0,1.8188405797101446
P2,4,11,DEVICE1-4,Y,2351010,2507184,156174.0,2394967,2420113,2433995,2444973,2475269,P2,P2,Intermediate,False,MST,4,DEVICE1-4,2351010,2507184,156174,1,11,P2_T11_DEVICE1-4_26,1,Some prior experience,Any previous experience,1.0,2.8188405797101446
P2,4,12,DEVICE2-4,Y,2538277,2674361,136084.0,,,,,,P2,P2,Intermediate,False,ATG,4,DEVICE2-4,2538277,2674361,136084,1,12,P2_T12_DEVICE2-4_27,1,Some prior experience,Any previous experience,1.0,3.8188405797101446
P2,5,13,DEVICE1-5 ,Y,2710908,2864757,153849.0,2752117,2779591,2798816,2810084,2833446,P2,P2,Intermediate,False,MST,5,DEVICE1-5,2710908,2864757,153849,1,13,P2_T13_DEVICE1-5_28,1,Some prior experience,Any previous experience,2.0,4.818840579710145
P2,5,14,DEVICE3-5 ,N,2988203,3127820,139617.0,,,,,,P2,P2,Intermediate,False,CON,5,DEVICE3-5,2988203,3127820,139617,0,14,P2_T14_DEVICE3-5_29,1,Some prior experience,Any previous experience,2.0,5.818840579710145
P2,5,15,DEVICE2-5 ,N,3149601,3264247,114646.0,,,,,,P2,P2,Intermediate,False,ATG,5,DEVICE2-5,3149601,3264247,114646,0,15,P2_T15_DEVICE2-5_30,1,Some prior experience,Any previous experience,2.0,6.818840579710145
P20,1,1,DEVICE2-1,Y,46243,152433,106190.0,,,,,,P20,P20,Novice,False,ATG,1,DEVICE2-1,46243,152433,106190,1,1,P20_T1_DEVICE2-1_266,1,No prior experience,No previous experience,-2.0,-7.181159420289855
P20,1,2,DEVICE3-1,Y,164664,265184,,,,,,,P20,P20,Novice,False,CON,1,DEVICE3-1,164664,265184,100520,1,2,P20_T2_DEVICE3-1_267,1,No prior experience,No previous experience,-2.0,-6.181159420289855
P20,1,3,DEVICE1-1,Y,314089,460454,146365.0,326317,350901,367530,377807,421744,P20,P20,Novice,False,MST,1,DEVICE1-1,314089,460454,146365,1,3,P20_T3_DEVICE1-1_268,1,No prior experience,No previous experience,-2.0,-5.181159420289855
P20,2,4,DEVICE1-2,Y,491428,679534,188106.0,538445,576013,617218,623669,657204,P20,P20,Novice,False,MST,2,DEVICE1-2,491428,679534,188106,1,4,P20_T4_DEVICE1-2_269,1,No prior experience,No previous experience,-1.0,-4.181159420289855
P20,2,5,DEVICE2-2,Y,701275,777587,76312.0,,,,,,P20,P20,Novice,False,ATG,2,DEVICE2-2,701275,777587,76312,1,5,P20_T5_DEVICE2-2_270,1,No prior experience,No previous experience,-1.0,-3.1811594202898554
P20,2,6,DEVICE3-2,Y,792684,847421,54737.0,,,,,,P20,P20,Novice,False,CON,2,DEVICE3-2,792684,847421,54737,1,6,P20_T6_DEVICE3-2_271,1,No prior experience,No previous experience,-1.0,-2.1811594202898554
P20,3,7,DEVICE1-3,Y,890273,1003230,112957.0,909048,926200,936129,944095,981321,P20,P20,Novice,False,MST,3,DEVICE1-3,890273,1003230,112957,1,7,P20_T7_DEVICE1-3_272,1,No prior experience,No previous experience,0.0,-1.1811594202898554
P20,3,8,DEVICE2-3,Y,1049687,1145310,95623.0,,,,,,P20,P20,Novice,False,ATG,3,DEVICE2-3,1049687,1145310,95623,1,8,P20_T8_DEVICE2-3_273,1,No prior experience,No previous experience,0.0,-0.18115942028985543
P20,3,9,DEVICE3-3,Y,1158661,1227015,68354.0,,,,,,P20,P20,Novice,False,CON,3,DEVICE3-3,1158661,1227015,68354,1,9,P20_T9_DEVICE3-3_274,1,No prior experience,No previous experience,0.0,0.8188405797101446
P20,4,10,DEVICE1-4,Y,1279265,1420730,141465.0,1290970,1315332,1328666,1338274,1406403,P20,P20,Novice,False,MST,4,DEVICE1-4,1279265,1420730,141465,1,10,P20_T10_DEVICE1-4_275,1,No prior experience,No previous experience,1.0,1.8188405797101446
P20,4,11,DEVICE2-4,Y,1435074,1491446,56372.0,,,,,,P20,P20,Novice,False,ATG,4,DEVICE2-4,1435074,1491446,56372,1,11,P20_T11_DEVICE2-4_276,1,No prior experience,No previous experience,1.0,2.8188405797101446
P20,4,12,DEVICE3-4,Y,1508171,1570285,62114.0,,,,,,P20,P20,Novice,False,CON,4,DEVICE3-4,1508171,1570285,62114,1,12,P20_T12_DEVICE3-4_277,1,No prior experience,No previous experience,1.0,3.8188405797101446
P20,5,13,DEVICE1-5 ,Y,1630494,1741924,111430.0,1638947,1660625,1672018,1680481,1726411,P20,P20,Novice,False,MST,5,DEVICE1-5,1630494,1741924,111430,1,13,P20_T13_DEVICE1-5_278,1,No prior experience,No previous experience,2.0,4.818840579710145
P20,5,14,DEVICE3-5 ,Y,1767251,1829989,62738.0,,,,,,P20,P20,Novice,False,CON,5,DEVICE3-5,1767251,1829989,62738,1,14,P20_T14_DEVICE3-5_279,1,No prior experience,No previous experience,2.0,5.818840579710145
P20,5,15,DEVICE2-5 ,N,2102215,2157377,55162.0,,,,,,P20,P20,Novice,False,ATG,5,DEVICE2-5,2102215,2157377,55162,0,15,P20_T15_DEVICE2-5_280,1,No prior experience,No previous experience,2.0,6.818840579710145
P20,5,16,DEVICE2-5 ,Y,2181458,2243213,61755.0,,,,,,P20,P20,Novice,False,ATG,5,DEVICE2-5,2181458,2243213,61755,1,16,P20_T16_DEVICE2-5_281,1,No prior experience,No previous experience,2.0,7.818840579710145
P21,1,1,DEVICE1-1,N,32186,237423,205237.0,72641,95122,121467,137070,,P21,P21,Novice,False,MST,1,DEVICE1-1,32186,237423,205237,0,1,P21_T1_DEVICE1-1_282,1,No prior experience,No previous experience,-2.0,-7.181159420289855
P21,1,2,DEVICE2-1,N,262280,376902,114622.0,,,,,,P21,P21,Novice,False,ATG,1,DEVICE2-1,262280,376902,114622,0,2,P21_T2_DEVICE2-1_283,1,No prior experience,No previous experience,-2.0,-6.181159420289855
P21,1,3,DEVICE3-1,Y,393914,481731,87817.0,,,,,,P21,P21,Novice,False,CON,1,DEVICE3-1,393914,481731,87817,1,3,P21_T3_DEVICE3-1_284,1,No prior experience,No previous experience,-2.0,-5.181159420289855
P21,2,4,DEVICE3-2,Y,505486,551359,45873.0,,,,,,P21,P21,Novice,False,CON,2,DEVICE3-2,505486,551359,45873,1,4,P21_T4_DEVICE3-2_285,1,No prior experience,No previous experience,-1.0,-4.181159420289855
P21,2,5,DEVICE1-2,Y,573070,683106,110036.0,578602,596774,622401,633960,672271,P21,P21,Novice,False,MST,2,DEVICE1-2,573070,683106,110036,1,5,P21_T5_DEVICE1-2_286,1,No prior experience,No previous experience,-1.0,-3.1811594202898554
P21,2,6,DEVICE2-2,Y,697038,843239,146201.0,,,,,,P21,P21,Novice,False,ATG,2,DEVICE2-2,697038,843239,146201,1,6,P21_T6_DEVICE2-2_287,1,No prior experience,No previous experience,-1.0,-2.1811594202898554
P21,3,7,DEVICE3-3,Y,874888,909827,34939.0,,,,,,P21,P21,Novice,False,CON,3,DEVICE3-3,874888,909827,34939,1,7,P21_T7_DEVICE3-3_288,1,No prior experience,No previous experience,0.0,-1.1811594202898554
P21,3,8,DEVICE2-3,Y,926991,981717,54726.0,,,,,,P21,P21,Novice,False,ATG,3,DEVICE2-3,926991,981717,54726,1,8,P21_T8_DEVICE2-3_289,1,No prior experience,No previous experience,0.0,-0.18115942028985543
P21,3,9,DEVICE1-3,Y,1002318,1131222,128904.0,1021684,1039572,1064931,1081416,1116590,P21,P21,Novice,False,MST,3,DEVICE1-3,1002318,1131222,128904,1,9,P21_T9_DEVICE1-3_290,1,No prior experience,No previous experience,0.0,0.8188405797101446
P21,4,10,DEVICE3-4,Y,1152299,1197608,45309.0,,,,,,P21,P21,Novice,False,CON,4,DEVICE3-4,1152299,1197608,45309,1,10,P21_T10_DEVICE3-4_291,1,No prior experience,No previous experience,1.0,1.8188405797101446
P21,4,11,DEVICE2-4,Y,1210698,1263201,52503.0,,,,,,P21,P21,Novice,False,ATG,4,DEVICE2-4,1210698,1263201,52503,1,11,P21_T11_DEVICE2-4_292,1,No prior experience,No previous experience,1.0,2.8188405797101446
P21,4,12,DEVICE1-4,Y,1283653,1393347,109694.0,1290839,1314515,1337185,1350366,1377187,P21,P21,Novice,False,MST,4,DEVICE1-4,1283653,1393347,109694,1,12,P21_T12_DEVICE1-4_293,1,No prior experience,No previous experience,1.0,3.8188405797101446
P21,5,13,DEVICE3-5 ,Y,1425935,1460494,34559.0,,,,,,P21,P21,Novice,False,CON,5,DEVICE3-5,1425935,1460494,34559,1,13,P21_T13_DEVICE3-5_294,1,No prior experience,No previous experience,2.0,4.818840579710145
P21,5,14,DEVICE2-5 ,Y,1655035,1697598,42563.0,,,,,,P21,P21,Novice,False,ATG,5,DEVICE2-5,1655035,1697598,42563,1,14,P21_T14_DEVICE2-5_295,1,No prior experience,No previous experience,2.0,5.818840579710145
P21,5,15,DEVICE1-5 ,Y,1829026,1954866,125840.0,1841468,1875734,1896310,1907234,1937230,P21,P21,Novice,False,MST,5,DEVICE1-5,1829026,1954866,125840,1,15,P21_T15_DEVICE1-5_296,1,No prior experience,No previous experience,2.0,6.818840579710145
P22,1,1,DEVICE3-1,Y,11744,220206,208462.0,,,,,,P22,P22,Novice,False,CON,1,DEVICE3-1,11744,220206,208462,1,1,P22_T1_DEVICE3-1_297,1,No prior experience,No previous experience,-2.0,-7.181159420289855
P22,1,2,DEVICE1-1,Y,235562,489510,253948.0,272134/329877,389137,412765,454238,473555,P22,P22,Novice,False,MST,1,DEVICE1-1,235562,489510,253948,1,2,P22_T2_DEVICE1-1_298,1,No prior experience,No previous experience,-2.0,-6.181159420289855
P22,1,3,DEVICE2-1,Y,515339,644622,129283.0,,,,,,P22,P22,Novice,False,ATG,1,DEVICE2-1,515339,644622,129283,1,3,P22_T3_DEVICE2-1_299,1,No prior experience,No previous experience,-2.0,-5.181159420289855
P22,2,4,DEVICE2-2,Y,654924,741278,86354.0,,,,,,P22,P22,Novice,False,ATG,2,DEVICE2-2,654924,741278,86354,1,4,P22_T4_DEVICE2-2_300,1,No prior experience,No previous experience,-1.0,-4.181159420289855
P22,2,5,DEVICE3-2,Y,759217,815929,56712.0,,,,,,P22,P22,Novice,False,CON,2,DEVICE3-2,759217,815929,56712,1,5,P22_T5_DEVICE3-2_301,1,No prior experience,No previous experience,-1.0,-3.1811594202898554
P22,2,6,DEVICE1-2,Y,825470,988695,163225.0,876205,911870,930499,943080,978121,P22,P22,Novice,False,MST,2,DEVICE1-2,825470,988695,163225,1,6,P22_T6_DEVICE1-2_302,1,No prior experience,No previous experience,-1.0,-2.1811594202898554
P22,3,7,DEVICE3-3,Y,999417,1065062,65645.0,,,,,,P22,P22,Novice,False,CON,3,DEVICE3-3,999417,1065062,65645,1,7,P22_T7_DEVICE3-3_303,1,No prior experience,No previous experience,0.0,-1.1811594202898554
P22,3,8,DEVICE2-3,Y,1106309,1161068,54759.0,,,,,,P22,P22,Novice,False,ATG,3,DEVICE2-3,1106309,1161068,54759,1,8,P22_T8_DEVICE2-3_304,1,No prior experience,No previous experience,0.0,-0.18115942028985543
P22,3,9,DEVICE1-3,Y,1174085,1331544,157459.0,1197231,1216605,1228154,1247118,1318606,P22,P22,Novice,False,MST,3,DEVICE1-3,1174085,1331544,157459,1,9,P22_T9_DEVICE1-3_305,1,No prior experience,No previous experience,0.0,0.8188405797101446
P22,4,10,DEVICE3-4,N,1415773,1549540,133767.0,,,,,,P22,P22,Novice,False,CON,4,DEVICE3-4,1415773,1549540,133767,0,10,P22_T10_DEVICE3-4_306,1,No prior experience,No previous experience,1.0,1.8188405797101446
P22,4,11,DEVICE1-4,Y,1656594,1864628,208034.0,1679022,1694514,1714472,1818202,1848582,P22,P22,Novice,False,MST,4,DEVICE1-4,1656594,1864628,208034,1,11,P22_T11_DEVICE1-4_307,1,No prior experience,No previous experience,1.0,2.8188405797101446
P22,4,12,DEVICE2-4,Y,1874000,1982648,108648.0,,,,,,P22,P22,Novice,False,ATG,4,DEVICE2-4,1874000,1982648,108648,1,12,P22_T12_DEVICE2-4_308,1,No prior experience,No previous experience,1.0,3.8188405797101446
P22,5,13,DEVICE3-5 ,N,2001732,2124031,122299.0,,,,,,P22,P22,Novice,False,CON,5,DEVICE3-5,2001732,2124031,122299,0,13,P22_T13_DEVICE3-5_309,1,No prior experience,No previous experience,2.0,4.818840579710145
P22,5,14,DEVICE1-5 ,Y,2139124,2320414,181290.0,2189806,2217545,2241582,2265725,2304149,P22,P22,Novice,False,MST,5,DEVICE1-5,2139124,2320414,181290,1,14,P22_T14_DEVICE1-5_310,1,No prior experience,No previous experience,2.0,5.818840579710145
P22,5,15,DEVICE2-5 ,Y,2450666,2524150,73484.0,,,,,,P22,P22,Novice,False,ATG,5,DEVICE2-5,2450666,2524150,73484,1,15,P22_T15_DEVICE2-5_311,1,No prior experience,No previous experience,2.0,6.818840579710145
P23,1,1,DEVICE2-1,N,30318,195908,165590.0,,,,,,P23,P23,Novice,False,ATG,1,DEVICE2-1,30318,195908,165590,0,1,P23_T1_DEVICE2-1_312,1,No prior experience,No previous experience,-2.0,-7.181159420289855
P23,1,2,DEVICE3-1,Y,215572,321938,106366.0,,,,,,P23,P23,Novice,False,CON,1,DEVICE3-1,215572,321938,106366,1,2,P23_T2_DEVICE3-1_313,1,No prior experience,No previous experience,-2.0,-6.181159420289855
P23,1,3,DEVICE1-1,Y,337154,524962,187808.0,372169,396260,417991,430924,495463,P23,P23,Novice,False,MST,1,DEVICE1-1,337154,524962,187808,1,3,P23_T3_DEVICE1-1_314,1,No prior experience,No previous experience,-2.0,-5.181159420289855
P23,2,4,DEVICE1-2,Y,553762,726671,172909.0,579160,599362,615226,627412,709966,P23,P23,Novice,False,MST,2,DEVICE1-2,553762,726671,172909,1,4,P23_T4_DEVICE1-2_315,1,No prior experience,No previous experience,-1.0,-4.181159420289855
P23,2,5,DEVICE2-2,Y,748006,867230,119224.0,,,,,,P23,P23,Novice,False,ATG,2,DEVICE2-2,748006,867230,119224,1,5,P23_T5_DEVICE2-2_316,1,No prior experience,No previous experience,-1.0,-3.1811594202898554
P23,2,6,DEVICE3-2,Y,882499,975517,93018.0,,,,,,P23,P23,Novice,False,CON,2,DEVICE3-2,882499,975517,93018,1,6,P23_T6_DEVICE3-2_317,1,No prior experience,No previous experience,-1.0,-2.1811594202898554
P23,3,7,DEVICE3-3,Y,990334,1071818,81484.0,,,,,,P23,P23,Novice,False,CON,3,DEVICE3-3,990334,1071818,81484,1,7,P23_T7_DEVICE3-3_318,1,No prior experience,No previous experience,0.0,-1.1811594202898554
P23,3,8,DEVICE2-3,Y,1087778,1206226,118448.0,,,,,,P23,P23,Novice,False,ATG,3,DEVICE2-3,1087778,1206226,118448,1,8,P23_T8_DEVICE2-3_319,1,No prior experience,No previous experience,0.0,-0.18115942028985543
P23,3,9,DEVICE1-3,N,1227010,1597945,370935.0,1236479,1302974,1314254,1323585,1549985,P23,P23,Novice,False,MST,3,DEVICE1-3,1227010,1597945,370935,0,9,P23_T9_DEVICE1-3_320,1,No prior experience,No previous experience,0.0,0.8188405797101446
P23,4,10,DEVICE3-4,Y,1633966,1708547,74581.0,,,,,,P23,P23,Novice,False,CON,4,DEVICE3-4,1633966,1708547,74581,1,10,P23_T10_DEVICE3-4_321,1,No prior experience,No previous experience,1.0,1.8188405797101446
P23,4,11,DEVICE1-4,Y,1722161,1900216,178055.0,1764907,1791499,1801462,1812067,1879474,P23,P23,Novice,False,MST,4,DEVICE1-4,1722161,1900216,178055,1,11,P23_T11_DEVICE1-4_322,1,No prior experience,No previous experience,1.0,2.8188405797101446
P23,4,12,DEVICE2-4,Y,1909878,2021696,111818.0,,,,,,P23,P23,Novice,False,ATG,4,DEVICE2-4,1909878,2021696,111818,1,12,P23_T12_DEVICE2-4_323,1,No prior experience,No previous experience,1.0,3.8188405797101446
P23,5,13,DEVICE1-5 ,N,2060654,2377981,317327.0,2084520,2101845,2123846,2132307,2283669,P23,P23,Novice,False,MST,5,DEVICE1-5,2060654,2377981,317327,0,13,P23_T13_DEVICE1-5_324,1,No prior experience,No previous experience,2.0,4.818840579710145
P23,5,14,DEVICE1-5 ,Y,2412618,2573031,160413.0,2442682,2472161,2490379,2502948,2555547,P23,P23,Novice,False,MST,5,DEVICE1-5,2412618,2573031,160413,1,14,P23_T14_DEVICE1-5_325,1,No prior experience,No previous experience,2.0,5.818840579710145
P23,5,15,DEVICE3-5 ,Y,2847033,2967290,120257.0,,,,,,P23,P23,Novice,False,CON,5,DEVICE3-5,2847033,2967290,120257,1,15,P23_T15_DEVICE3-5_326,1,No prior experience,No previous experience,2.0,6.818840579710145
P23,5,16,DEVICE2-5 ,Y,3200910,3305018,104108.0,,,,,,P23,P23,Novice,False,ATG,5,DEVICE2-5,3200910,3305018,104108,1,16,P23_T16_DEVICE2-5_327,1,No prior experience,No previous experience,2.0,7.818840579710145
P24,1,1,DEVICE3-1,Y,14582,133033,118451.0,,,,,,P24,P24,Intermediate,False,CON,1,DEVICE3-1,14582,133033,118451,1,1,P24_T1_DEVICE3-1_328,1,Some prior experience,Any previous experience,-2.0,-7.181159420289855
P24,1,2,DEVICE2-1,N,196911,321872,124961.0,,,,,,P24,P24,Intermediate,False,ATG,1,DEVICE2-1,196911,321872,124961,0,2,P24_T2_DEVICE2-1_329,1,Some prior experience,Any previous experience,-2.0,-6.181159420289855
P24,1,3,DEVICE1-1,Y,370382,468567,98185.0,388997,400218,417883,427958,447466,P24,P24,Intermediate,False,MST,1,DEVICE1-1,370382,468567,98185,1,3,P24_T3_DEVICE1-1_330,1,Some prior experience,Any previous experience,-2.0,-5.181159420289855
P24,2,4,DEVICE1-2,Y,482198,555654,73456.0,490171,498414,511198,521823,541770,P24,P24,Intermediate,False,MST,2,DEVICE1-2,482198,555654,73456,1,4,P24_T4_DEVICE1-2_331,1,Some prior experience,Any previous experience,-1.0,-4.181159420289855
P24,2,5,DEVICE3-2,Y,14988,68557,53569.0,,,,,,P24,P24,Intermediate,False,CON,2,DEVICE3-2,14988,68557,53569,1,5,P24_T5_DEVICE3-2_332,2,Some prior experience,Any previous experience,-1.0,-3.1811594202898554
P24,2,6,DEVICE2-2,Y,81041,151926,70885.0,,,,,,P24,P24,Intermediate,False,ATG,2,DEVICE2-2,81041,151926,70885,1,6,P24_T6_DEVICE2-2_333,2,Some prior experience,Any previous experience,-1.0,-2.1811594202898554
P24,3,7,DEVICE3-3,Y,167600,225034,57434.0,,,,,,P24,P24,Intermediate,False,CON,3,DEVICE3-3,167600,225034,57434,1,7,P24_T7_DEVICE3-3_334,2,Some prior experience,Any previous experience,0.0,-1.1811594202898554
P24,3,8,DEVICE2-3,Y,238886,295718,56832.0,,,,,,P24,P24,Intermediate,False,ATG,3,DEVICE2-3,238886,295718,56832,1,8,P24_T8_DEVICE2-3_335,2,Some prior experience,Any previous experience,0.0,-0.18115942028985543
P24,3,9,DEVICE1-3,Y,311714,495574,183860.0,344298/399102/409814,428814,442409,447001/455940,478050,P24,P24,Intermediate,False,MST,3,DEVICE1-3,311714,495574,183860,1,9,P24_T9_DEVICE1-3_336,2,Some prior experience,Any previous experience,0.0,0.8188405797101446
P24,4,10,DEVICE3-4,Y,517724,565561,47837.0,,,,,,P24,P24,Intermediate,False,CON,4,DEVICE3-4,517724,565561,47837,1,10,P24_T10_DEVICE3-4_337,2,Some prior experience,Any previous experience,1.0,1.8188405797101446
P24,4,11,DEVICE1-4,Y,598744,710301,111557.0,616879,651878,666312,674999,696138,P24,P24,Intermediate,False,MST,4,DEVICE1-4,598744,710301,111557,1,11,P24_T11_DEVICE1-4_338,2,Some prior experience,Any previous experience,1.0,2.8188405797101446
P24,4,12,DEVICE2-4,N,730613,777765,47152.0,,,,,,P24,P24,Intermediate,False,ATG,4,DEVICE2-4,730613,777765,47152,0,12,P24_T12_DEVICE2-4_339,2,Some prior experience,Any previous experience,1.0,3.8188405797101446
P24,5,13,DEVICE3-5 ,Y,822532,875935,53403.0,,,,,,P24,P24,Intermediate,False,CON,5,DEVICE3-5,822532,875935,53403,1,13,P24_T13_DEVICE3-5_340,2,Some prior experience,Any previous experience,2.0,4.818840579710145
P24,5,14,DEVICE1-5 ,Y,1087718,1206070,118352.0,1107571,1126142,1137220,1142670/1154854,1175970,P24,P24,Intermediate,False,MST,5,DEVICE1-5,1087718,1206070,118352,1,14,P24_T14_DEVICE1-5_341,2,Some prior experience,Any previous experience,2.0,5.818840579710145
P24,5,15,DEVICE2-5 ,Y,1514938,1568135,53197.0,,,,,,P24,P24,Intermediate,False,ATG,5,DEVICE2-5,1514938,1568135,53197,1,15,P24_T15_DEVICE2-5_342,2,Some prior experience,Any previous experience,2.0,6.818840579710145
P25,1,1,DEVICE1-1,N,13582,319107,305525.0,40335,139728,240174,121817/252709,279869,P25,P25,Novice,False,MST,1,DEVICE1-1,13582,319107,305525,0,1,P25_T1_DEVICE1-1_343,1,No prior experience,No previous experience,-2.0,-7.181159420289855
P25,1,2,DEVICE3-1,N,336197,553706,217509.0,,,,,,P25,P25,Novice,False,CON,1,DEVICE3-1,336197,553706,217509,0,2,P25_T2_DEVICE3-1_344,1,No prior experience,No previous experience,-2.0,-6.181159420289855
P25,1,3,DEVICE2-1,N,584781,773350,188569.0,,,,,,P25,P25,Novice,False,ATG,1,DEVICE2-1,584781,773350,188569,0,3,P25_T3_DEVICE2-1_345,1,No prior experience,No previous experience,-2.0,-5.181159420289855
P25,2,4,DEVICE2-2,Y,10895,194349,183454.0,,,,,,P25,P25,Novice,False,ATG,2,DEVICE2-2,10895,194349,183454,1,4,P25_T4_DEVICE2-2_346,2,No prior experience,No previous experience,-1.0,-4.181159420289855
P25,2,5,DEVICE1-2,N,228979,565360,336381.0,271857/470723,483790,509422,521563,,P25,P25,Novice,False,MST,2,DEVICE1-2,228979,565360,336381,0,5,P25_T5_DEVICE1-2_347,2,No prior experience,No previous experience,-1.0,-3.1811594202898554
P25,2,6,DEVICE3-2,Y,588655,724021,135366.0,,,,,,P25,P25,Novice,False,CON,2,DEVICE3-2,588655,724021,135366,1,6,P25_T6_DEVICE3-2_348,2,No prior experience,No previous experience,-1.0,-2.1811594202898554
P25,3,7,DEVICE1-3,Y,740193,968563,228370.0,760624,781267,883672,901669,933841,P25,P25,Novice,False,MST,3,DEVICE1-3,740193,968563,228370,1,7,P25_T7_DEVICE1-3_349,2,No prior experience,No previous experience,0.0,-1.1811594202898554
P25,3,8,DEVICE2-3,Y,981905,1094657,112752.0,,,,,,P25,P25,Novice,False,ATG,3,DEVICE2-3,981905,1094657,112752,1,8,P25_T8_DEVICE2-3_350,2,No prior experience,No previous experience,0.0,-0.18115942028985543
P25,3,9,DEVICE3-3,Y,1113994,1197580,83586.0,,,,,,P25,P25,Novice,False,CON,3,DEVICE3-3,1113994,1197580,83586,1,9,P25_T9_DEVICE3-3_351,2,No prior experience,No previous experience,0.0,0.8188405797101446
P25,4,10,DEVICE1-4,Y,1220896,1417556,196660.0,1250884,1280485,1346561,1361170,1400317,P25,P25,Novice,False,MST,4,DEVICE1-4,1220896,1417556,196660,1,10,P25_T10_DEVICE1-4_352,2,No prior experience,No previous experience,1.0,1.8188405797101446
P25,4,11,DEVICE3-4,Y,1433150,1505720,72570.0,,,,,,P25,P25,Novice,False,CON,4,DEVICE3-4,1433150,1505720,72570,1,11,P25_T11_DEVICE3-4_353,2,No prior experience,No previous experience,1.0,2.8188405797101446
P25,4,12,DEVICE2-4,Y,1522854,1673430,150576.0,,,,,,P25,P25,Novice,False,ATG,4,DEVICE2-4,1522854,1673430,150576,1,12,P25_T12_DEVICE2-4_354,2,No prior experience,No previous experience,1.0,3.8188405797101446
P25,5,13,DEVICE3-5 ,N,1744305,1805622,61317.0,,,,,,P25,P25,Novice,False,CON,5,DEVICE3-5,1744305,1805622,61317,0,13,P25_T13_DEVICE3-5_355,2,No prior experience,No previous experience,2.0,4.818840579710145
P25,5,14,DEVICE1-5 ,Y,1966397,2139642,173245.0,1974908,2017712,2055915,2067037,2122159,P25,P25,Novice,False,MST,5,DEVICE1-5,1966397,2139642,173245,1,14,P25_T14_DEVICE1-5_356,2,No prior experience,No previous experience,2.0,5.818840579710145
P25,5,15,DEVICE2-5 ,N,2254193,2299856,45663.0,,,,,,P25,P25,Novice,False,ATG,5,DEVICE2-5,2254193,2299856,45663,0,15,P25_T15_DEVICE2-5_357,2,No prior experience,No previous experience,2.0,6.818840579710145
P25,5,16,DEVICE2-5 ,Y,2318097,2382646,64549.0,,,,,,P25,P25,Novice,False,ATG,5,DEVICE2-5,2318097,2382646,64549,1,16,P25_T16_DEVICE2-5_358,2,No prior experience,No previous experience,2.0,7.818840579710145
P26,1,1,DEVICE3-1,N,18717,303144,284427.0,,,,,,P26,P26,Novice,False,CON,1,DEVICE3-1,18717,303144,284427,0,1,P26_T1_DEVICE3-1_359,1,No prior experience,No previous experience,-2.0,-7.181159420289855
P26,1,2,DEVICE3-1,N,4872,705435,700563.0,,,,,,P26,P26,Novice,False,CON,1,DEVICE3-1,4872,705435,700563,0,2,P26_T2_DEVICE3-1_360,2,No prior experience,No previous experience,-2.0,-6.181159420289855
P26,1,3,DEVICE2-1,N,724772,1008732,283960.0,,,,,,P26,P26,Novice,False,ATG,1,DEVICE2-1,724772,1008732,283960,0,3,P26_T3_DEVICE2-1_361,2,No prior experience,No previous experience,-2.0,-5.181159420289855
P26,1,4,DEVICE2-1,N,19690,253427,233737.0,,,,,,P26,P26,Novice,False,ATG,1,DEVICE2-1,19690,253427,233737,0,4,P26_T4_DEVICE2-1_362,3,No prior experience,No previous experience,-2.0,-4.181159420289855
P26,1,5,DEVICE2-1,N,23920,116215,92295.0,,,,,,P26,P26,Novice,False,ATG,1,DEVICE2-1,23920,116215,92295,0,5,P26_T5_DEVICE2-1_363,4,No prior experience,No previous experience,-2.0,-3.1811594202898554
P26,1,6,DEVICE1-1,Y,21878,562856,540978.0,49129,378381,457459,476322,551699,P26,P26,Novice,False,MST,1,DEVICE1-1,21878,562856,540978,1,6,P26_T6_DEVICE1-1_364,5,No prior experience,No previous experience,-2.0,-2.1811594202898554
P26,2,7,DEVICE1-2,N,583146,881261,298115.0,613499,636883,733530,779185,,P26,P26,Novice,False,MST,2,DEVICE1-2,583146,881261,298115,0,7,P26_T7_DEVICE1-2_365,5,No prior experience,No previous experience,-1.0,-1.1811594202898554
P26,2,8,DEVICE3-2,N,12523,65019,52496.0,,,,,,P26,P26,Novice,False,CON,2,DEVICE3-2,12523,65019,52496,0,8,P26_T8_DEVICE3-2_366,6,No prior experience,No previous experience,-1.0,-0.18115942028985543
P26,2,9,DEVICE2-2,N,84636,183051,98415.0,,,,,,P26,P26,Novice,False,ATG,2,DEVICE2-2,84636,183051,98415,0,9,P26_T9_DEVICE2-2_367,6,No prior experience,No previous experience,-1.0,0.8188405797101446
P26,3,10,DEVICE3-3,N,195326,263180,67854.0,,,,,,P26,P26,Novice,False,CON,3,DEVICE3-3,195326,263180,67854,0,10,P26_T10_DEVICE3-3_368,6,No prior experience,No previous experience,0.0,1.8188405797101446
P26,3,11,DEVICE2-3,N,280963,351605,70642.0,,,,,,P26,P26,Novice,False,ATG,3,DEVICE2-3,280963,351605,70642,0,11,P26_T11_DEVICE2-3_369,6,No prior experience,No previous experience,0.0,2.8188405797101446
P26,3,12,DEVICE1-3,N,373770,606645,232875.0,402465,436418,595892,,,P26,P26,Novice,False,MST,3,DEVICE1-3,373770,606645,232875,0,12,P26_T12_DEVICE1-3_370,6,No prior experience,No previous experience,0.0,3.8188405797101446
P26,3,13,DEVICE3-4,N,620689,704294,83605.0,,,,,,P26,P26,Novice,False,CON,4,DEVICE3-4,620689,704294,83605,0,13,P26_T13_DEVICE3-4_371,6,No prior experience,No previous experience,1.0,4.818840579710145
P26,4,14,DEVICE1-4,Y,714070,1177712,463642.0,739986,965215,1058890,1083121,1163263,P26,P26,Novice,False,MST,4,DEVICE1-4,714070,1177712,463642,1,14,P26_T14_DEVICE1-4_372,6,No prior experience,No previous experience,1.0,5.818840579710145
P26,4,15,DEVICE2-4,N,1191890,1283678,91788.0,,,,,,P26,P26,Novice,False,ATG,4,DEVICE2-4,1191890,1283678,91788,0,15,P26_T15_DEVICE2-4_373,6,No prior experience,No previous experience,1.0,6.818840579710145
P26,5,16,DEVICE3-5 ,Y,1303346,1386832,83486.0,,,,,,P26,P26,Novice,False,CON,5,DEVICE3-5,1303346,1386832,83486,1,16,P26_T16_DEVICE3-5_374,6,No prior experience,No previous experience,2.0,7.818840579710145
P26,5,17,DEVICE2-5 ,N,83498,192143,108645.0,,,,,,P26,P26,Novice,False,ATG,5,DEVICE2-5,83498,192143,108645,0,17,P26_T17_DEVICE2-5_375,7,No prior experience,No previous experience,2.0,8.818840579710145
P26,5,18,DEVICE1-5 ,Y,294854,1200547,905693.0,328136/707668,582548/808748,990178,1007384,1181113,P26,P26,Novice,False,MST,5,DEVICE1-5,294854,1200547,905693,1,18,P26_T18_DEVICE1-5_376,7,No prior experience,No previous experience,2.0,9.818840579710145
P27,1,1,DEVICE2-1,N,10698,170748,160050.0,,,,,,P27,P27,Novice,False,ATG,1,DEVICE2-1,10698,170748,160050,0,1,P27_T1_DEVICE2-1_377,1,No prior experience,No previous experience,-2.0,-7.181159420289855
P27,1,2,DEVICE3-1,Y,203610,329047,125437.0,,,,,,P27,P27,Novice,False,CON,1,DEVICE3-1,203610,329047,125437,1,2,P27_T2_DEVICE3-1_378,1,No prior experience,No previous experience,-2.0,-6.181159420289855
P27,1,3,DEVICE1-1,Y,347747,541375,193628.0,366917,415477,485526,494670,536187,P27,P27,Novice,False,MST,1,DEVICE1-1,347747,541375,193628,1,3,P27_T3_DEVICE1-1_379,1,No prior experience,No previous experience,-2.0,-5.181159420289855
P27,2,4,DEVICE1-2,Y,560156,691252,131096.0,583029,599357,635718,645243,684975,P27,P27,Novice,False,MST,2,DEVICE1-2,560156,691252,131096,1,4,P27_T4_DEVICE1-2_380,1,No prior experience,No previous experience,-1.0,-4.181159420289855
P27,2,5,DEVICE2-2,Y,721222,817835,96613.0,,,,,,P27,P27,Novice,False,ATG,2,DEVICE2-2,721222,817835,96613,1,5,P27_T5_DEVICE2-2_381,1,No prior experience,No previous experience,-1.0,-3.1811594202898554
P27,2,6,DEVICE3-2,Y,833170,866430,33260.0,,,,,,P27,P27,Novice,False,CON,2,DEVICE3-2,833170,866430,33260,1,6,P27_T6_DEVICE3-2_382,1,No prior experience,No previous experience,-1.0,-2.1811594202898554
P27,3,7,DEVICE1-3,Y,885505,998901,113396.0,899152,910803,935146,950864,967674,P27,P27,Novice,False,MST,3,DEVICE1-3,885505,998901,113396,1,7,P27_T7_DEVICE1-3_383,1,No prior experience,No previous experience,0.0,-1.1811594202898554
P27,3,8,DEVICE2-3,Y,1015789,1089988,74199.0,,,,,,P27,P27,Novice,False,ATG,3,DEVICE2-3,1015789,1089988,74199,1,8,P27_T8_DEVICE2-3_384,1,No prior experience,No previous experience,0.0,-0.18115942028985543
P27,3,9,DEVICE3-3,Y,1100075,1187946,87871.0,,,,,,P27,P27,Novice,False,CON,3,DEVICE3-3,1100075,1187946,87871,1,9,P27_T9_DEVICE3-3_385,1,No prior experience,No previous experience,0.0,0.8188405797101446
P27,4,10,DEVICE1-4,Y,1200642,1297272,96630.0,1211841,1233475,1260011,1268274,1281765,P27,P27,Novice,False,MST,4,DEVICE1-4,1200642,1297272,96630,1,10,P27_T10_DEVICE1-4_386,1,No prior experience,No previous experience,1.0,1.8188405797101446
P27,4,11,DEVICE2-4,N,1333696,1417442,83746.0,,,,,,P27,P27,Novice,False,ATG,4,DEVICE2-4,1333696,1417442,83746,0,11,P27_T11_DEVICE2-4_387,1,No prior experience,No previous experience,1.0,2.8188405797101446
P27,4,12,DEVICE3-4,Y,17545,137770,120225.0,,,,,,P27,P27,Novice,False,CON,4,DEVICE3-4,17545,137770,120225,1,12,P27_T12_DEVICE3-4_388,2,No prior experience,No previous experience,1.0,3.8188405797101446
P27,5,13,DEVICE1-5 ,Y,158255,253527,95272.0,170998,187868,200818,211548,244869,P27,P27,Novice,False,MST,5,DEVICE1-5,158255,253527,95272,1,13,P27_T13_DEVICE1-5_389,2,No prior experience,No previous experience,2.0,4.818840579710145
P27,5,14,DEVICE3-5 ,Y,568308,711813,143505.0,,,,,,P27,P27,Novice,False,CON,5,DEVICE3-5,568308,711813,143505,1,14,P27_T14_DEVICE3-5_390,2,No prior experience,No previous experience,2.0,5.818840579710145
P27,5,15,DEVICE2-5 ,N,902753,1078590,175837.0,,,,,,P27,P27,Novice,False,ATG,5,DEVICE2-5,902753,1078590,175837,0,15,P27_T15_DEVICE2-5_391,2,No prior experience,No previous experience,2.0,6.818840579710145
P27,5,16,DEVICE2-5 ,Y,1138068,1199885,61817.0,,,,,,P27,P27,Novice,False,ATG,5,DEVICE2-5,1138068,1199885,61817,1,16,P27_T16_DEVICE2-5_392,2,No prior experience,No previous experience,2.0,7.818840579710145
P28,1,1,DEVICE1-1,Y,26889,143434,116545.0,64528,88184,97810,109490,130509,P28,P28,Intermediate,False,MST,1,DEVICE1-1,26889,143434,116545,1,1,P28_T1_DEVICE1-1_393,1,Some prior experience,Any previous experience,-2.0,-7.181159420289855
P28,1,2,DEVICE2-1,N,170223,207699,37476.0,,,,,,P28,P28,Intermediate,False,ATG,1,DEVICE2-1,170223,207699,37476,0,2,P28_T2_DEVICE2-1_394,1,Some prior experience,Any previous experience,-2.0,-6.181159420289855
P28,1,3,DEVICE2-1,N,225958,286546,60588.0,,,,,,P28,P28,Intermediate,False,ATG,1,DEVICE2-1,225958,286546,60588,0,3,P28_T3_DEVICE2-1_395,1,Some prior experience,Any previous experience,-2.0,-5.181159420289855
P28,1,4,DEVICE3-1,Y,300151,504320,204169.0,,,,,,P28,P28,Intermediate,False,CON,1,DEVICE3-1,300151,504320,204169,1,4,P28_T4_DEVICE3-1_396,1,Some prior experience,Any previous experience,-2.0,-4.181159420289855
P28,2,5,DEVICE3-2,Y,570099,645897,75798.0,,,,,,P28,P28,Intermediate,False,CON,2,DEVICE3-2,570099,645897,75798,1,5,P28_T5_DEVICE3-2_397,1,Some prior experience,Any previous experience,-1.0,-3.1811594202898554
P28,2,6,DEVICE1-2,Y,664896,744470,79574.0,673409,693518,701231,712455,729242,P28,P28,Intermediate,False,MST,2,DEVICE1-2,664896,744470,79574,1,6,P28_T6_DEVICE1-2_398,1,Some prior experience,Any previous experience,-1.0,-2.1811594202898554
P28,2,7,DEVICE2-2,Y,758452,824142,65690.0,,,,,,P28,P28,Intermediate,False,ATG,2,DEVICE2-2,758452,824142,65690,1,7,P28_T7_DEVICE2-2_399,1,Some prior experience,Any previous experience,-1.0,-1.1811594202898554
P28,3,8,DEVICE3-3,Y,832138,888231,56093.0,,,,,,P28,P28,Intermediate,False,CON,3,DEVICE3-3,832138,888231,56093,1,8,P28_T8_DEVICE3-3_400,1,Some prior experience,Any previous experience,0.0,-0.18115942028985543
P28,3,9,DEVICE2-3,Y,903435,1048130,144695.0,,,,,,P28,P28,Intermediate,False,ATG,3,DEVICE2-3,903435,1048130,144695,1,9,P28_T9_DEVICE2-3_401,1,Some prior experience,Any previous experience,0.0,0.8188405797101446
P28,3,10,DEVICE1-3,Y,1062230,1166468,104238.0,1071671,1114073,1122224,1136138,1151797,P28,P28,Intermediate,False,MST,3,DEVICE1-3,1062230,1166468,104238,1,10,P28_T10_DEVICE1-3_402,1,Some prior experience,Any previous experience,0.0,1.8188405797101446
P28,4,11,DEVICE3-4,Y,1175773,1261736,85963.0,,,,,,P28,P28,Intermediate,False,CON,4,DEVICE3-4,1175773,1261736,85963,1,11,P28_T11_DEVICE3-4_403,1,Some prior experience,Any previous experience,1.0,2.8188405797101446
P28,4,12,DEVICE2-4,Y,1288059,1377577,89518.0,,,,,,P28,P28,Intermediate,False,ATG,4,DEVICE2-4,1288059,1377577,89518,1,12,P28_T12_DEVICE2-4_404,1,Some prior experience,Any previous experience,1.0,3.8188405797101446
P28,4,13,DEVICE1-4,Y,1396491,1456974,60483.0,1403875,1417675,1424360,1430270,1442142,P28,P28,Intermediate,False,MST,4,DEVICE1-4,1396491,1456974,60483,1,13,P28_T13_DEVICE1-4_405,1,Some prior experience,Any previous experience,1.0,4.818840579710145
P28,5,14,DEVICE3-5 ,Y,1477819,1522832,45013.0,,,,,,P28,P28,Intermediate,False,CON,5,DEVICE3-5,1477819,1522832,45013,1,14,P28_T14_DEVICE3-5_406,1,Some prior experience,Any previous experience,2.0,5.818840579710145
P28,5,15,DEVICE2-5 ,Y,1679195,1721267,42072.0,,,,,,P28,P28,Intermediate,False,ATG,5,DEVICE2-5,1679195,1721267,42072,1,15,P28_T15_DEVICE2-5_407,1,Some prior experience,Any previous experience,2.0,6.818840579710145
P28,5,16,DEVICE1-5 ,Y,1779064,1851117,72053.0,1789180,1798890,1809156,1819254,1834657,P28,P28,Intermediate,False,MST,5,DEVICE1-5,1779064,1851117,72053,1,16,P28_T16_DEVICE1-5_408,1,Some prior experience,Any previous experience,2.0,7.818840579710145
P29,1,1,DEVICE3-1,Y,93605,218195,124590.0,,,,,,P29,P29,Expert,False,CON,1,DEVICE3-1,93605,218195,124590,1,1,P29_T1_DEVICE3-1_409,1,Higher prior experience,Any previous experience,-2.0,-7.181159420289855
P29,1,2,DEVICE1-1,Y,265648,375836,110188.0,288110,315955,329845,340586,365077,P29,P29,Expert,False,MST,1,DEVICE1-1,265648,375836,110188,1,2,P29_T2_DEVICE1-1_410,1,Higher prior experience,Any previous experience,-2.0,-6.181159420289855
P29,1,3,DEVICE2-1,N,407477,561138,153661.0,,,,,,P29,P29,Expert,False,ATG,1,DEVICE2-1,407477,561138,153661,0,3,P29_T3_DEVICE2-1_411,1,Higher prior experience,Any previous experience,-2.0,-5.181159420289855
P29,2,4,DEVICE2-2,Y,584392,758281,173889.0,,,,,,P29,P29,Expert,False,ATG,2,DEVICE2-2,584392,758281,173889,1,4,P29_T4_DEVICE2-2_412,1,Higher prior experience,Any previous experience,-1.0,-4.181159420289855
P29,2,5,DEVICE3-2,N,773185,864030,90845.0,,,,,,P29,P29,Expert,False,CON,2,DEVICE3-2,773185,864030,90845,0,5,P29_T5_DEVICE3-2_413,1,Higher prior experience,Any previous experience,-1.0,-3.1811594202898554
P29,2,6,DEVICE1-2,Y,906909,1011634,104725.0,923918,949771,965579,973094,995462,P29,P29,Expert,False,MST,2,DEVICE1-2,906909,1011634,104725,1,6,P29_T6_DEVICE1-2_414,1,Higher prior experience,Any previous experience,-1.0,-2.1811594202898554
P29,3,7,DEVICE3-3,Y,1028439,1120455,92016.0,,,,,,P29,P29,Expert,False,CON,3,DEVICE3-3,1028439,1120455,92016,1,7,P29_T7_DEVICE3-3_415,1,Higher prior experience,Any previous experience,0.0,-1.1811594202898554
P29,3,8,DEVICE2-3,Y,1142217,1342700,200483.0,,,,,,P29,P29,Expert,False,ATG,3,DEVICE2-3,1142217,1342700,200483,1,8,P29_T8_DEVICE2-3_416,1,Higher prior experience,Any previous experience,0.0,-0.18115942028985543
P29,3,9,DEVICE1-3,Y,1379847,1463475,83628.0,1388911,1409603,1420065,1429196,1451518,P29,P29,Expert,False,MST,3,DEVICE1-3,1379847,1463475,83628,1,9,P29_T9_DEVICE1-3_417,1,Higher prior experience,Any previous experience,0.0,0.8188405797101446
P29,4,10,DEVICE3-4,Y,1474602,1535282,60680.0,,,,,,P29,P29,Expert,False,CON,4,DEVICE3-4,1474602,1535282,60680,1,10,P29_T10_DEVICE3-4_418,1,Higher prior experience,Any previous experience,1.0,1.8188405797101446
P29,4,11,DEVICE1-4,Y,1564935,1639474,74539.0,1578997,1597716,1607213,1614484,1627808,P29,P29,Expert,False,MST,4,DEVICE1-4,1564935,1639474,74539,1,11,P29_T11_DEVICE1-4_419,1,Higher prior experience,Any previous experience,1.0,2.8188405797101446
P29,4,12,DEVICE2-4,Y,1658990,1729559,70569.0,,,,,,P29,P29,Expert,False,ATG,4,DEVICE2-4,1658990,1729559,70569,1,12,P29_T12_DEVICE2-4_420,1,Higher prior experience,Any previous experience,1.0,3.8188405797101446
P29,5,13,DEVICE3-5 ,Y,1748255,1897302,149047.0,,,,,,P29,P29,Expert,False,CON,5,DEVICE3-5,1748255,1897302,149047,1,13,P29_T13_DEVICE3-5_421,1,Higher prior experience,Any previous experience,2.0,4.818840579710145
P29,5,14,DEVICE1-5 ,Y,2117727,2206287,88560.0,2131831,2151494,2162395,2168487,2190776,P29,P29,Expert,False,MST,5,DEVICE1-5,2117727,2206287,88560,1,14,P29_T14_DEVICE1-5_422,1,Higher prior experience,Any previous experience,2.0,5.818840579710145
P29,5,15,DEVICE2-5 ,Y,2436142,2627968,191826.0,,,,,,P29,P29,Expert,False,ATG,5,DEVICE2-5,2436142,2627968,191826,1,15,P29_T15_DEVICE2-5_423,1,Higher prior experience,Any previous experience,2.0,6.818840579710145
P3,1,1,DEVICE1-1,Y,47694,206452,158758.0,56781,96639,124460,133940,173191,P3,P3,Expert,False,MST,1,DEVICE1-1,47694,206452,158758,1,1,P3_T1_DEVICE1-1_31,1,Higher prior experience,Any previous experience,-2.0,-7.181159420289855
P3,1,2,DEVICE2-1,Y,244340,394412,150072.0,,,,,,P3,P3,Expert,False,ATG,1,DEVICE2-1,244340,394412,150072,1,2,P3_T2_DEVICE2-1_32,1,Higher prior experience,Any previous experience,-2.0,-6.181159420289855
P3,1,3,DEVICE3-1,Y,419897,630198,210301.0,,,,,,P3,P3,Expert,False,CON,1,DEVICE3-1,419897,630198,210301,1,3,P3_T3_DEVICE3-1_33,1,Higher prior experience,Any previous experience,-2.0,-5.181159420289855
P3,2,4,DEVICE3-2,Y,640036,804532,164496.0,,,,,,P3,P3,Expert,False,CON,2,DEVICE3-2,640036,804532,164496,1,4,P3_T4_DEVICE3-2_34,1,Higher prior experience,Any previous experience,-1.0,-4.181159420289855
P3,2,5,DEVICE1-2,N,817143,1229395,412252.0,846589,1095249,1131240,1160686,1219580,P3,P3,Expert,False,MST,2,DEVICE1-2,817143,1229395,412252,0,5,P3_T5_DEVICE1-2_35,1,Higher prior experience,Any previous experience,-1.0,-3.1811594202898554
P3,2,6,DEVICE2-2,Y,1251613,1388251,136638.0,,,,,,P3,P3,Expert,False,ATG,2,DEVICE2-2,1251613,1388251,136638,1,6,P3_T6_DEVICE2-2_36,1,Higher prior experience,Any previous experience,-1.0,-2.1811594202898554
P3,3,7,DEVICE1-3,Y,1406075,1798696,392621.0,1437299/1570808,1578701,1602890,1614509,1752077,P3,P3,Expert,False,MST,3,DEVICE1-3,1406075,1798696,392621,1,7,P3_T7_DEVICE1-3_37,1,Higher prior experience,Any previous experience,0.0,-1.1811594202898554
P3,3,8,DEVICE3-3,N,1806817,2125120,318303.0,,,,,,P3,P3,Expert,False,CON,3,DEVICE3-3,1806817,2125120,318303,0,8,P3_T8_DEVICE3-3_38,1,Higher prior experience,Any previous experience,0.0,-0.18115942028985543
P3,3,9,DEVICE2-3,Y,2136817,2337215,200398.0,,,,,,P3,P3,Expert,False,ATG,3,DEVICE2-3,2136817,2337215,200398,1,9,P3_T9_DEVICE2-3_39,1,Higher prior experience,Any previous experience,0.0,0.8188405797101446
P3,4,10,DEVICE1-4,N,2348365,2718084,369719.0,2394171,2446521,2475976,2484732,2698453,P3,P3,Expert,False,MST,4,DEVICE1-4,2348365,2718084,369719,0,10,P3_T10_DEVICE1-4_40,1,Higher prior experience,Any previous experience,1.0,1.8188405797101446
P3,4,11,DEVICE3-4,Y,2750595,2921336,170741.0,,,,,,P3,P3,Expert,False,CON,4,DEVICE3-4,2750595,2921336,170741,1,11,P3_T11_DEVICE3-4_41,1,Higher prior experience,Any previous experience,1.0,2.8188405797101446
P3,4,12,DEVICE2-4,Y,2932859,3057733,124874.0,,,,,,P3,P3,Expert,False,ATG,4,DEVICE2-4,2932859,3057733,124874,1,12,P3_T12_DEVICE2-4_42,1,Higher prior experience,Any previous experience,1.0,3.8188405797101446
P3,5,13,DEVICE3-5 ,Y,3082798,3201032,118234.0,,,,,,P3,P3,Expert,False,CON,5,DEVICE3-5,3082798,3201032,118234,1,13,P3_T13_DEVICE3-5_43,1,Higher prior experience,Any previous experience,2.0,4.818840579710145
P3,5,14,DEVICE2-5 ,Y,3331043,3441204,110161.0,,,,,,P3,P3,Expert,False,ATG,5,DEVICE2-5,3331043,3441204,110161,1,14,P3_T14_DEVICE2-5_44,1,Higher prior experience,Any previous experience,2.0,5.818840579710145
P3,5,15,DEVICE1-5 ,N,3506598,3909035,402437.0,3522957,3640743,3666918,3686549,,P3,P3,Expert,False,MST,5,DEVICE1-5,3506598,3909035,402437,0,15,P3_T15_DEVICE1-5_45,1,Higher prior experience,Any previous experience,2.0,6.818840579710145
P30,1,1,DEVICE2-1,N,23355,218928,195573.0,,,,,,P30,P30,Novice,False,ATG,1,DEVICE2-1,23355,218928,195573,0,1,P30_T1_DEVICE2-1_424,1,No prior experience,No previous experience,-2.0,-7.181159420289855
P30,1,2,DEVICE3-1,Y,243131,351390,108259.0,,,,,,P30,P30,Novice,False,CON,1,DEVICE3-1,243131,351390,108259,1,2,P30_T2_DEVICE3-1_425,1,No prior experience,No previous experience,-2.0,-6.181159420289855
P30,1,3,DEVICE1-1,Y,379972,479540,99568.0,399499,434883,442127,451240,471184,P30,P30,Novice,False,MST,1,DEVICE1-1,379972,479540,99568,1,3,P30_T3_DEVICE1-1_426,1,No prior experience,No previous experience,-2.0,-5.181159420289855
P30,2,4,DEVICE1-2,Y,508439,604068,95629.0,530049,555480,562710,576004,595067,P30,P30,Novice,False,MST,2,DEVICE1-2,508439,604068,95629,1,4,P30_T4_DEVICE1-2_427,1,No prior experience,No previous experience,-1.0,-4.181159420289855
P30,2,5,DEVICE2-2,Y,10983,128989,118006.0,,,,,,P30,P30,Novice,False,ATG,2,DEVICE2-2,10983,128989,118006,1,5,P30_T5_DEVICE2-2_428,2,No prior experience,No previous experience,-1.0,-3.1811594202898554
P30,2,6,DEVICE3-2,N,151273,227262,75989.0,,,,,,P30,P30,Novice,False,CON,2,DEVICE3-2,151273,227262,75989,0,6,P30_T6_DEVICE3-2_429,2,No prior experience,No previous experience,-1.0,-2.1811594202898554
P30,3,7,DEVICE3-3,Y,248508,333641,85133.0,,,,,,P30,P30,Novice,False,CON,3,DEVICE3-3,248508,333641,85133,1,7,P30_T7_DEVICE3-3_430,2,No prior experience,No previous experience,0.0,-1.1811594202898554
P30,3,8,DEVICE2-3,N,349026,426003,76977.0,,,,,,P30,P30,Novice,False,ATG,3,DEVICE2-3,349026,426003,76977,0,8,P30_T8_DEVICE2-3_431,2,No prior experience,No previous experience,0.0,-0.18115942028985543
P30,3,9,DEVICE1-3,Y,469360,636638,167278.0,487494,539165,581234,589228/599015,624522,P30,P30,Novice,False,MST,3,DEVICE1-3,469360,636638,167278,1,9,P30_T9_DEVICE1-3_432,2,No prior experience,No previous experience,0.0,0.8188405797101446
P30,4,10,DEVICE3-4,Y,650135,758214,108079.0,,,,,,P30,P30,Novice,False,CON,4,DEVICE3-4,650135,758214,108079,1,10,P30_T10_DEVICE3-4_433,2,No prior experience,No previous experience,1.0,1.8188405797101446
P30,4,11,DEVICE1-4,Y,782563,855570,73007.0,796547,817142,820947,830054,848251,P30,P30,Novice,False,MST,4,DEVICE1-4,782563,855570,73007,1,11,P30_T11_DEVICE1-4_434,2,No prior experience,No previous experience,1.0,2.8188405797101446
P30,4,12,DEVICE2-4,Y,866615,940473,73858.0,,,,,,P30,P30,Novice,False,ATG,4,DEVICE2-4,866615,940473,73858,1,12,P30_T12_DEVICE2-4_435,2,No prior experience,No previous experience,1.0,3.8188405797101446
P30,5,13,DEVICE1-5 ,Y,997602,1088670,91068.0,1016922,1041051,1043896,1051834,1073093,P30,P30,Novice,False,MST,5,DEVICE1-5,997602,1088670,91068,1,13,P30_T13_DEVICE1-5_436,2,No prior experience,No previous experience,2.0,4.818840579710145
P30,5,14,DEVICE3-5 ,Y,1304904,1383222,78318.0,,,,,,P30,P30,Novice,False,CON,5,DEVICE3-5,1304904,1383222,78318,1,14,P30_T14_DEVICE3-5_437,2,No prior experience,No previous experience,2.0,5.818840579710145
P30,5,15,DEVICE2-5 ,Y,1533095,1606718,73623.0,,,,,,P30,P30,Novice,False,ATG,5,DEVICE2-5,1533095,1606718,73623,1,15,P30_T15_DEVICE2-5_438,2,No prior experience,No previous experience,2.0,6.818840579710145
P4,1,1,DEVICE2-1,Y,185605,349246,163641.0,,,,,,P4,P4,Intermediate,False,ATG,1,DEVICE2-1,185605,349246,163641,1,1,P4_T1_DEVICE2-1_46,1,Some prior experience,Any previous experience,-2.0,-7.181159420289855
P4,1,2,DEVICE3-1,Y,358925,465910,106985.0,,,,,,P4,P4,Intermediate,False,CON,1,DEVICE3-1,358925,465910,106985,1,2,P4_T2_DEVICE3-1_47,1,Some prior experience,Any previous experience,-2.0,-6.181159420289855
P4,1,3,DEVICE1-1,Y,473691,742064,268373.0,492280,532965,553676,565621/641793,703687,P4,P4,Intermediate,False,MST,1,DEVICE1-1,473691,742064,268373,1,3,P4_T3_DEVICE1-1_48,1,Some prior experience,Any previous experience,-2.0,-5.181159420289855
P4,2,4,DEVICE1-2,Y,749161,902435,153274.0,773362,821092,839915,854033,878234,P4,P4,Intermediate,False,MST,2,DEVICE1-2,749161,902435,153274,1,4,P4_T4_DEVICE1-2_49,1,Some prior experience,Any previous experience,-1.0,-4.181159420289855
P4,2,5,DEVICE2-2,Y,142342,268251,125909.0,,,,,,P4,P4,Intermediate,False,ATG,2,DEVICE2-2,142342,268251,125909,1,5,P4_T5_DEVICE2-2_50,2,Some prior experience,Any previous experience,-1.0,-3.1811594202898554
P4,2,6,DEVICE3-2,Y,279331,345680,66349.0,,,,,,P4,P4,Intermediate,False,CON,2,DEVICE3-2,279331,345680,66349,1,6,P4_T6_DEVICE3-2_51,2,Some prior experience,Any previous experience,-1.0,-2.1811594202898554
P4,3,7,DEVICE3-3,Y,354144,433933,79789.0,,,,,,P4,P4,Intermediate,False,CON,3,DEVICE3-3,354144,433933,79789,1,7,P4_T7_DEVICE3-3_52,2,Some prior experience,Any previous experience,0.0,-1.1811594202898554
P4,3,8,DEVICE2-3,Y,442948,516966,74018.0,,,,,,P4,P4,Intermediate,False,ATG,3,DEVICE2-3,442948,516966,74018,1,8,P4_T8_DEVICE2-3_53,2,Some prior experience,Any previous experience,0.0,-0.18115942028985543
P4,3,9,DEVICE1-3,Y,523058,638814,115756.0,542761,566159,576011,594482,622806,P4,P4,Intermediate,False,MST,3,DEVICE1-3,523058,638814,115756,1,9,P4_T9_DEVICE1-3_54,2,Some prior experience,Any previous experience,0.0,0.8188405797101446
P4,4,10,DEVICE3-4,Y,649444,712133,62689.0,,,,,,P4,P4,Intermediate,False,CON,4,DEVICE3-4,649444,712133,62689,1,10,P4_T10_DEVICE3-4_55,2,Some prior experience,Any previous experience,1.0,1.8188405797101446
P4,4,11,DEVICE1-4,Y,720090,850624,130534.0,742256,768117,793977,802597,824763,P4,P4,Intermediate,False,MST,4,DEVICE1-4,720090,850624,130534,1,11,P4_T11_DEVICE1-4_56,2,Some prior experience,Any previous experience,1.0,2.8188405797101446
P4,4,12,DEVICE2-4,Y,854774,956668,101894.0,,,,,,P4,P4,Intermediate,False,ATG,4,DEVICE2-4,854774,956668,101894,1,12,P4_T12_DEVICE2-4_57,2,Some prior experience,Any previous experience,1.0,3.8188405797101446
P4,5,13,DEVICE1-5 ,Y,970074,1083368,113294.0,1003323,1026721,1037804,1048887,1068590,P4,P4,Intermediate,False,MST,5,DEVICE1-5,970074,1083368,113294,1,13,P4_T13_DEVICE1-5_58,2,Some prior experience,Any previous experience,2.0,4.818840579710145
P4,5,14,DEVICE3-5 ,Y,1180664,1254106,73442.0,,,,,,P4,P4,Intermediate,False,CON,5,DEVICE3-5,1180664,1254106,73442,1,14,P4_T14_DEVICE3-5_59,2,Some prior experience,Any previous experience,2.0,5.818840579710145
P4,5,15,DEVICE2-5 ,Y,1326164,1418854,92690.0,,,,,,P4,P4,Intermediate,False,ATG,5,DEVICE2-5,1326164,1418854,92690,1,15,P4_T15_DEVICE2-5_60,2,Some prior experience,Any previous experience,2.0,6.818840579710145
P5,1,1,DEVICE2-1,N,0,194968,194968.0,,,,,,P5,P5,Intermediate,False,ATG,1,DEVICE2-1,0,194968,194968,0,1,P5_T1_DEVICE2-1_61,1,Some prior experience,Any previous experience,-2.0,-7.181159420289855
P5,1,2,DEVICE1-1,N,213075,643125,430050.0,254863,324627,475651,488073,,P5,P5,Intermediate,False,MST,1,DEVICE1-1,213075,643125,430050,0,2,P5_T2_DEVICE1-1_62,1,Some prior experience,Any previous experience,-2.0,-6.181159420289855
P5,1,3,DEVICE3-1,N,670282,785521,115239.0,,,,,,P5,P5,Intermediate,False,CON,1,DEVICE3-1,670282,785521,115239,0,3,P5_T3_DEVICE3-1_63,1,Some prior experience,Any previous experience,-2.0,-5.181159420289855
P5,2,4,DEVICE3-2,N,795725,884764,89039.0,,,,,,P5,P5,Intermediate,False,CON,2,DEVICE3-2,795725,884764,89039,0,4,P5_T4_DEVICE3-2_64,1,Some prior experience,Any previous experience,-1.0,-4.181159420289855
P5,2,5,DEVICE2-2,N,905856,1016562,110706.0,,,,,,P5,P5,Intermediate,False,ATG,2,DEVICE2-2,905856,1016562,110706,0,5,P5_T5_DEVICE2-2_65,1,Some prior experience,Any previous experience,-1.0,-3.1811594202898554
P5,2,6,DEVICE1-2,N,1040582,1613017,572435.0,1119749/1212620/1300998,1414201,1198718/1278082/1539321,1548258,1582568,P5,P5,Intermediate,False,MST,2,DEVICE1-2,1040582,1613017,572435,0,6,P5_T6_DEVICE1-2_66,1,Some prior experience,Any previous experience,-1.0,-2.1811594202898554
P5,3,7,DEVICE3-3,N,1615115,1753825,138710.0,,,,,,P5,P5,Intermediate,False,CON,3,DEVICE3-3,1615115,1753825,138710,0,7,P5_T7_DEVICE3-3_67,1,Some prior experience,Any previous experience,0.0,-1.1811594202898554
P5,3,8,DEVICE2-3,N,1768888,1897111,128223.0,,,,,,P5,P5,Intermediate,False,ATG,3,DEVICE2-3,1768888,1897111,128223,0,8,P5_T8_DEVICE2-3_68,1,Some prior experience,Any previous experience,0.0,-0.18115942028985543
P5,3,9,DEVICE1-3,N,1923500,2271055,347555.0,1936409,2064508,2177711,2196579,2246229,P5,P5,Intermediate,False,MST,3,DEVICE1-3,1923500,2271055,347555,0,9,P5_T9_DEVICE1-3_69,1,Some prior experience,Any previous experience,0.0,0.8188405797101446
P5,4,10,DEVICE3-4,N,2282135,2365435,83300.0,,,,,,P5,P5,Intermediate,False,CON,4,DEVICE3-4,2282135,2365435,83300,0,10,P5_T10_DEVICE3-4_70,1,Some prior experience,Any previous experience,1.0,1.8188405797101446
P5,4,11,DEVICE1-4,Y,2396211,2773556,377345.0,2412099,2573960,2662339,2678227,2750717,P5,P5,Intermediate,False,MST,4,DEVICE1-4,2396211,2773556,377345,1,11,P5_T11_DEVICE1-4_71,1,Some prior experience,Any previous experience,1.0,2.8188405797101446
P5,4,12,DEVICE2-4,N,2787695,2882663,94968.0,,,,,,P5,P5,Intermediate,False,ATG,4,DEVICE2-4,2787695,2882663,94968,0,12,P5_T12_DEVICE2-4_72,1,Some prior experience,Any previous experience,1.0,3.8188405797101446
P5,5,13,DEVICE3-5 ,Y,2931326,2977490,46164.0,,,,,,P5,P5,Intermediate,False,CON,5,DEVICE3-5,2931326,2977490,46164,1,13,P5_T13_DEVICE3-5_73,1,Some prior experience,Any previous experience,2.0,4.818840579710145
P5,5,14,DEVICE2-5 ,Y,3061250,3161056,99806.0,,,,,,P5,P5,Intermediate,False,ATG,5,DEVICE2-5,3061250,3161056,99806,1,14,P5_T14_DEVICE2-5_74,1,Some prior experience,Any previous experience,2.0,5.818840579710145
P5,5,15,DEVICE1-5 ,Y,3209580,3520393,310813.0,3225183,3321790,3425064,3454854,3498547,P5,P5,Intermediate,False,MST,5,DEVICE1-5,3209580,3520393,310813,1,15,P5_T15_DEVICE1-5_75,1,Some prior experience,Any previous experience,2.0,6.818840579710145
P6,1,1,DEVICE3-1,Y,93207,264782,171575.0,,,,,,P6,P6,Intermediate,False,CON,1,DEVICE3-1,93207,264782,171575,1,1,P6_T1_DEVICE3-1_76,1,Some prior experience,Any previous experience,-2.0,-7.181159420289855
P6,1,2,DEVICE2-1,N,324683,860597,535914.0,,,,,,P6,P6,Intermediate,False,ATG,1,DEVICE2-1,324683,860597,535914,0,2,P6_T2_DEVICE2-1_77,1,Some prior experience,Any previous experience,-2.0,-6.181159420289855
P6,1,3,DEVICE1-1,Y,27128,333862,306734.0,120316,175298,200494,222331,254442,P6,P6,Intermediate,False,MST,1,DEVICE1-1,27128,333862,306734,1,3,P6_T3_DEVICE1-1_78,2,Some prior experience,Any previous experience,-2.0,-5.181159420289855
P6,2,4,DEVICE1-2,Y,353147,789826,436679.0,392846/580139,475550/630671/681405,559366/706369,736970,561097/761129,P6,P6,Intermediate,False,MST,2,DEVICE1-2,353147,789826,436679,1,4,P6_T4_DEVICE1-2_79,2,Some prior experience,Any previous experience,-1.0,-4.181159420289855
P6,2,5,DEVICE3-2,Y,810416,884898,74482.0,,,,,,P6,P6,Intermediate,False,CON,2,DEVICE3-2,810416,884898,74482,1,5,P6_T5_DEVICE3-2_80,2,Some prior experience,Any previous experience,-1.0,-3.1811594202898554
P6,2,6,DEVICE2-2,Y,894871,1168696,273825.0,,,,,,P6,P6,Intermediate,False,ATG,2,DEVICE2-2,894871,1168696,273825,1,6,P6_T6_DEVICE2-2_81,2,Some prior experience,Any previous experience,-1.0,-2.1811594202898554
P6,3,7,DEVICE3-3,Y,1185576,1268913,83337.0,,,,,,P6,P6,Intermediate,False,CON,3,DEVICE3-3,1185576,1268913,83337,1,7,P6_T7_DEVICE3-3_82,2,Some prior experience,Any previous experience,0.0,-1.1811594202898554
P6,3,8,DEVICE2-3,Y,1272560,1438779,166219.0,,,,,,P6,P6,Intermediate,False,ATG,3,DEVICE2-3,1272560,1438779,166219,1,8,P6_T8_DEVICE2-3_83,2,Some prior experience,Any previous experience,0.0,-0.18115942028985543
P6,3,9,DEVICE1-3,Y,1444650,1823580,378930.0,1459354/1642444,1524593/1676116/1720310,1540727/1752578,1560369/1763101,1601056/1696459/1793967,P6,P6,Intermediate,False,MST,3,DEVICE1-3,1444650,1823580,378930,1,9,P6_T9_DEVICE1-3_84,2,Some prior experience,Any previous experience,0.0,0.8188405797101446
P6,4,10,DEVICE3-4,Y,1829135,1950019,120884.0,,,,,,P6,P6,Intermediate,False,CON,4,DEVICE3-4,1829135,1950019,120884,1,10,P6_T10_DEVICE3-4_85,2,Some prior experience,Any previous experience,1.0,1.8188405797101446
P6,4,11,DEVICE1-4,Y,1960221,2099686,139465.0,1981835,2030940,2042865,2058999,2084955,P6,P6,Intermediate,False,MST,4,DEVICE1-4,1960221,2099686,139465,1,11,P6_T11_DEVICE1-4_86,2,Some prior experience,Any previous experience,1.0,2.8188405797101446
P6,4,12,DEVICE2-4,N,2104337,2380547,276210.0,,,,,,P6,P6,Intermediate,False,ATG,4,DEVICE2-4,2104337,2380547,276210,0,12,P6_T12_DEVICE2-4_87,2,Some prior experience,Any previous experience,1.0,3.8188405797101446
P6,5,13,DEVICE3-5 ,Y,2414643,2495696,81053.0,,,,,,P6,P6,Intermediate,False,CON,5,DEVICE3-5,2414643,2495696,81053,1,13,P6_T13_DEVICE3-5_88,2,Some prior experience,Any previous experience,2.0,4.818840579710145
P6,5,14,DEVICE1-5 ,N,2675310,3542177,866867.0,2702439/2943355/3219318,2747248/3011566/3057002/3085043/3325804,2773349/3438774,2803223/3484646,2840841/3027545/3515492,P6,P6,Intermediate,False,MST,5,DEVICE1-5,2675310,3542177,866867,0,14,P6_T14_DEVICE1-5_89,2,Some prior experience,Any previous experience,2.0,5.818840579710145
P6,5,15,DEVICE2-5 ,Y,3557821,3854556,296735.0,,,,,,P6,P6,Intermediate,False,ATG,5,DEVICE2-5,3557821,3854556,296735,1,15,P6_T15_DEVICE2-5_90,2,Some prior experience,Any previous experience,2.0,6.818840579710145
P9,1,1,DEVICE2-1,Y,12698,121623,108925.0,,,,,,P9,P9,Expert,False,ATG,1,DEVICE2-1,12698,121623,108925,1,1,P9_T1_DEVICE2-1_106,1,Higher prior experience,Any previous experience,-2.0,-7.181159420289855
P9,1,2,DEVICE3-1,Y,131295,215313,84018.0,,,,,,P9,P9,Expert,False,CON,1,DEVICE3-1,131295,215313,84018,1,2,P9_T2_DEVICE3-1_107,1,Higher prior experience,Any previous experience,-2.0,-6.181159420289855
P9,1,3,DEVICE1-1,Y,229571,395200,165629.0,266640,291397,302509,320574,372527,P9,P9,Expert,False,MST,1,DEVICE1-1,229571,395200,165629,1,3,P9_T3_DEVICE1-1_108,1,Higher prior experience,Any previous experience,-2.0,-5.181159420289855
P9,2,4,DEVICE1-2,Y,427144,537042,109898.0,440675,466142,476669,495345,509607,P9,P9,Expert,False,MST,2,DEVICE1-2,427144,537042,109898,1,4,P9_T4_DEVICE1-2_109,1,Higher prior experience,Any previous experience,-1.0,-4.181159420289855
P9,2,5,DEVICE2-2,Y,556329,649422,93093.0,,,,,,P9,P9,Expert,False,ATG,2,DEVICE2-2,556329,649422,93093,1,5,P9_T5_DEVICE2-2_110,1,Higher prior experience,Any previous experience,-1.0,-3.1811594202898554
P9,2,6,DEVICE3-2,Y,685785,764907,79122.0,,,,,,P9,P9,Expert,False,CON,2,DEVICE3-2,685785,764907,79122,1,6,P9_T6_DEVICE3-2_111,1,Higher prior experience,Any previous experience,-1.0,-2.1811594202898554
P9,3,7,DEVICE3-3,Y,778330,839221,60891.0,,,,,,P9,P9,Expert,False,CON,3,DEVICE3-3,778330,839221,60891,1,7,P9_T7_DEVICE3-3_112,1,Higher prior experience,Any previous experience,0.0,-1.1811594202898554
P9,3,8,DEVICE2-3,Y,856301,912050,55749.0,,,,,,P9,P9,Expert,False,ATG,3,DEVICE2-3,856301,912050,55749,1,8,P9_T8_DEVICE2-3_113,1,Higher prior experience,Any previous experience,0.0,-0.18115942028985543
P9,3,9,DEVICE1-3,Y,932678,1110952,178274.0,943884,966296,977841,991424,1079033,P9,P9,Expert,False,MST,3,DEVICE1-3,932678,1110952,178274,1,9,P9_T9_DEVICE1-3_114,1,Higher prior experience,Any previous experience,0.0,0.8188405797101446
P9,4,10,DEVICE3-4,Y,1151905,1213945,62040.0,,,,,,P9,P9,Expert,False,CON,4,DEVICE3-4,1151905,1213945,62040,1,10,P9_T10_DEVICE3-4_115,1,Higher prior experience,Any previous experience,1.0,1.8188405797101446
P9,4,11,DEVICE1-4,Y,1244043,1344216,100173.0,1258305,1271548,1283433,1289885,1320446,P9,P9,Expert,False,MST,4,DEVICE1-4,1244043,1344216,100173,1,11,P9_T11_DEVICE1-4_116,1,Higher prior experience,Any previous experience,1.0,2.8188405797101446
P9,4,12,DEVICE2-4,Y,1359879,1412110,52231.0,,,,,,P9,P9,Expert,False,ATG,4,DEVICE2-4,1359879,1412110,52231,1,12,P9_T12_DEVICE2-4_117,1,Higher prior experience,Any previous experience,1.0,3.8188405797101446
P9,5,13,DEVICE3-5 ,Y,1434964,1520047,85083.0,,,,,,P9,P9,Expert,False,CON,5,DEVICE3-5,1434964,1520047,85083,1,13,P9_T13_DEVICE3-5_118,1,Higher prior experience,Any previous experience,2.0,4.818840579710145
P9,5,14,DEVICE1-5 ,Y,1614053,1766180,152127.0,1643256,1661253,1684344,1702341,1729167,P9,P9,Expert,False,MST,5,DEVICE1-5,1614053,1766180,152127,1,14,P9_T14_DEVICE1-5_119,1,Higher prior experience,Any previous experience,2.0,5.818840579710145
P9,5,15,DEVICE2-5 ,Y,1828399,1907952,79553.0,,,,,,P9,P9,Expert,False,ATG,5,DEVICE2-5,1828399,1907952,79553,1,15,P9_T15_DEVICE2-5_120,1,Higher prior experience,Any previous experience,2.0,6.818840579710145
