Id,Round,Time,Device,FTIS,Start time (ms),End Time (ms),Duration (ms),Needle In (ms),Wire In (ms),Needle Out (ms),Catheter Over Needle (ms),Wire Out (ms),Participant_raw,Participant,Expertise,Abort_participant,Device_name,Repetition,Device_code_clean,Attempt_start_ms,Attempt_end_ms,Attempt_duration_ms,Success,Attempt_sequence,Attempt_ID,Session_index,File,Recording,Recording_min_timestamp_ms,Recording_max_timestamp_ms,Eye_sample_count,Valid_eye_sample_count,Valid_sample_proportion,Fixation_count,Mean_fixation_duration_ms,Median_fixation_duration_ms,SD_fixation_duration_ms,Q1_fixation_duration_ms,Q3_fixation_duration_ms,IQR_fixation_duration_ms,Total_fixation_duration_ms,Max_fixation_duration_ms,Fixation_rate_per_second,Fixation_time_proportion,Long_fixations_review,Sample_interval_ms,log_mean_fixation_duration,log_attempt_seconds,Experience3,AnyExperience,Repetition_c,Attempt_sequence_c,log_median_fixation_duration,Recalculated_fixation_count,Retained_fixation_count_le_10s,Excluded_fixation_count_gt_10s,Trimmed_mean_fixation_duration_ms,Trimmed_median_fixation_duration_ms,Maximum_assigned_fixation_duration_ms
P1,3,9,DEVICE1-3,Y,1370414,1558826,188412.0,1402314.0,1434214.0,1466115.0,1482065.0,1513966.0,P1,P1,Expert,False,MST,3,DEVICE1-3,1370414,1558826,188412,1,9,P1_T9_DEVICE1-3_9,1,SIMETRIC Recording 15.tsv,Recording 15,19.0,2881933.0,9404,7014,0.7458528285835815,50,751.64,191.0,2021.693660154823,85.0,530.75,445.75,37582.0,13644.0,0.2653758783941575,0.1994671252361845,1,20.0,6.622257485920952,5.2386310543813845,Higher prior experience,Any previous experience,0.022332506203473823,0.8833746898263026,5.25227342804663,50,49,1,488.53061224489795,161.0,13644.0
P10,1,3,DEVICE1-1,Y,370742,524622,153880.0,412413.0,448458.0,468902.0,485656,506517.0,P10,P10,Intermediate,False,MST,1,DEVICE1-1,370742,524622,153880,1,3,P10_T3_DEVICE1-1_123,1,SIMETRIC Recording 31.tsv,Recording 31,9.0,2212592.0,7680,6954,0.90546875,18,1939.0,130.0,6631.819154207814,65.0,531.0,466.0,34902.0,28432.0,0.1169742656615544,0.2268131011177541,1,20.0,7.569927655242652,5.036173077884095,Some prior experience,Any previous experience,-1.9776674937965262,-5.116625310173697,4.867534450455582,18,17,1,380.5882352941176,120.0,28432.0
P10,3,10,DEVICE1-3,N,1557412,1829214,271802.0,1568701.0,1664223.0,1679853.0,1689405,1817926.0,P10,P10,Intermediate,False,MST,3,DEVICE1-3,1557412,1829214,271802,0,10,P10_T10_DEVICE1-3_130,1,SIMETRIC Recording 31.tsv,Recording 31,9.0,2212592.0,13565,8326,0.6137854773313675,193,452.4715025906736,140.0,1877.210552607001,80.0,240.0,160.0,87327.0,22961.0,0.7100757168821421,0.3212890265708126,1,20.0,6.114724783456634,5.6050738600417,Some prior experience,Any previous experience,0.022332506203473823,1.8833746898263026,4.941642422609304,193,192,1,335.2395833333333,130.5,22961.0
P10,4,12,DEVICE1-4,Y,2012090,2205329,193239.0,2043895.0,2117930.0,2164169.0,2141450/2172187,2189560.0,P10,P10,Intermediate,False,MST,4,DEVICE1-4,2012090,2205329,193239,1,12,P10_T12_DEVICE1-4_132,1,SIMETRIC Recording 31.tsv,Recording 31,9.0,2212592.0,9644,7502,0.7778929904603898,26,1634.3846153846157,100.0,3572.8085543664174,60.0,506.5,446.5,42494.0,15047.0,0.1345484089650639,0.219903849636978,1,20.0,7.399021630454102,5.26392776476079,Some prior experience,Any previous experience,1.0223325062034738,3.8833746898263026,4.605170185988092,26,25,1,1097.88,100.0,15047.0
P10,4,13,DEVICE2-4,Y,11268,118712,107444.0,,,,,,P10,P10,Intermediate,False,ATG,4,DEVICE2-4,11268,118712,107444,1,13,P10_T13_DEVICE2-4_133,2,SIMETRIC Recording 32.tsv,Recording 32,20.0,979773.0,5362,2490,0.46437896307348,16,964.1875,60.0,3462.259632451038,60.0,115.25,55.25,15427.0,13945.0,0.1489147835151334,0.1435817728304977,1,20.0,6.871285777772158,4.676969781603866,Some prior experience,Any previous experience,1.0223325062034738,4.883374689826303,4.0943445622221,16,15,1,98.8,60.0,13945.0
P10,5,14,DEVICE3-5 ,Y,164274,222932,58658.0,,,,,,P10,P10,Intermediate,False,CON,5,DEVICE3-5,164274,222932,58658,1,14,P10_T14_DEVICE3-5_134,2,SIMETRIC Recording 32.tsv,Recording 32,20.0,979773.0,2928,2790,0.9528688524590164,1,23623.0,23623.0,,23623.0,23623.0,0.0,23623.0,23623.0,0.0170479729960107,0.4027242660847625,1,20.0,10.06997609269376,4.071723968184567,Some prior experience,Any previous experience,2.022332506203474,5.883374689826303,10.069976092693759,1,0,1,,,23623.0
P10,5,15,DEVICE1-5 ,Y,387452,545295,157843.0,410351.0,450425.0,466782.0,493771.0,532210.0,P10,P10,Intermediate,False,MST,5,DEVICE1-5,387452,545295,157843,1,15,P10_T15_DEVICE1-5_135,2,SIMETRIC Recording 32.tsv,Recording 32,20.0,979773.0,7878,4676,0.5935516628585935,10,3999.3,1593.0,7392.702964560542,446.0,3361.5,2915.5,39993.0,24524.0,0.0633540923575958,0.253372021565733,1,20.0,8.29387462478774,5.061600868122688,Some prior experience,Any previous experience,2.022332506203474,6.883374689826303,7.373374309910049,10,9,1,1718.7777777777778,501.0,24524.0
P10,5,16,DEVICE2-5 ,Y,667841,875905,208064.0,,,,,,P10,P10,Intermediate,False,ATG,5,DEVICE2-5,667841,875905,208064,1,16,P10_T16_DEVICE2-5_136,2,SIMETRIC Recording 32.tsv,Recording 32,20.0,979773.0,10385,9837,0.9472315840154067,19,5988.684210526316,961.0,14499.595278078288,260.5,3366.0,3105.5,113785.0,59627.0,0.0913180559827745,0.546875,2,20.0,8.697627002626879,5.33784572468144,Some prior experience,Any previous experience,2.022332506203474,7.883374689826303,6.8679744089702925,19,17,2,1515.7058823529412,521.0,59627.0
P11,1,1,DEVICE2-1,Y,21784,169833,148049.0,,,,,,P11,P11,Intermediate,False,ATG,1,DEVICE2-1,21784,169833,148049,1,1,P11_T1_DEVICE2-1_137,1,SIMETRIC Recording 33.tsv,Recording 33,2.0,188383.0,7389,7184,0.9722560562999052,15,3415.4666666666667,962.0,4990.659430614451,120.0,5399.5,5279.5,51232.0,17973.0,0.1013178069422961,0.346047592351181,1,20.0,8.136069414694232,4.997543300049949,Some prior experience,Any previous experience,-1.9776674937965262,-7.116625310173697,6.8690144506657065,15,14,1,2375.6428571428573,581.0,17973.0
P11,1,2,DEVICE1-1,Y,16786,301357,284571.0,88427.0,137691.0,159808.0,230907.0,280099.0,P11,P11,Intermediate,False,MST,1,DEVICE1-1,16786,301357,284571,1,2,P11_T2_DEVICE1-1_138,2,SIMETRIC Recording 34.tsv,Recording 34,32.0,2536221.0,14203,13773,0.969724706048018,15,3639.933333333333,3346.0,3373.24681377848,370.5,5449.5,5079.0,54599.0,10158.0,0.0527109227574137,0.191864244775469,1,20.0,8.19972064544475,5.650982783064,Some prior experience,Any previous experience,-1.9776674937965262,-6.116625310173697,8.11552088154677,15,14,1,3174.3571428571427,3146.0,10158.0
P11,1,3,DEVICE3-1,Y,317174,445330,128156.0,,,,,,P11,P11,Intermediate,False,CON,1,DEVICE3-1,317174,445330,128156,1,3,P11_T3_DEVICE3-1_139,2,SIMETRIC Recording 34.tsv,Recording 34,32.0,2536221.0,6396,6194,0.968417761100688,20,1604.9,431.0,3111.3679323613137,265.0,901.25,636.25,32098.0,12984.0,0.1560598021161709,0.2504603764162427,1,20.0,7.380816728327111,4.853248271846709,Some prior experience,Any previous experience,-1.9776674937965262,-5.116625310173697,6.066108090103747,20,19,1,1006.0,421.0,12984.0
P11,2,4,DEVICE3-2,Y,450815,559863,109048.0,,,,,,P11,P11,Intermediate,False,CON,2,DEVICE3-2,450815,559863,109048,1,4,P11_T4_DEVICE3-2_140,2,SIMETRIC Recording 34.tsv,Recording 34,32.0,2536221.0,5442,5258,0.966188901139287,18,1926.8333333333333,551.0,5418.5872616176175,250.0,1112.0,862.0,34683.0,23543.0,0.165064925537378,0.3180526006896045,1,20.0,7.563633174447267,4.691788152268542,Some prior experience,Any previous experience,-0.9776674937965262,-4.116625310173697,6.311734809152915,18,17,1,655.2941176470588,501.0,23543.0
P11,2,5,DEVICE2-2,N,575960,677206,101246.0,,,,,,P11,P11,Intermediate,False,ATG,2,DEVICE2-2,575960,677206,101246,0,5,P11_T5_DEVICE2-2_141,2,SIMETRIC Recording 34.tsv,Recording 34,32.0,2536221.0,5053,4905,0.9707104690283,19,1983.4736842105265,521.0,5353.784604977233,270.0,1152.0,882.0,37686.0,23823.0,0.1876617347845841,0.3722221124785176,1,20.0,7.592604972515995,4.61755319903342,Some prior experience,Any previous experience,-0.9776674937965262,-3.1166253101736974,6.255750041753367,19,18,1,770.1666666666666,501.0,23823.0
P11,2,6,DEVICE1-2,Y,693862,941556,247694.0,735441.0,785445.0,876916.0,900089.0,933019.0,P11,P11,Intermediate,False,MST,2,DEVICE1-2,693862,941556,247694,1,6,P11_T6_DEVICE1-2_142,2,SIMETRIC Recording 34.tsv,Recording 34,32.0,2536221.0,12363,12075,0.9767046833292892,19,3563.2105263157896,441.0,8519.440700075638,311.0,1923.5,1612.5,67701.0,36747.0,0.0767075504453075,0.2733251511946191,2,20.0,8.17841725067358,5.512194113351714,Some prior experience,Any previous experience,-0.9776674937965262,-2.1166253101736974,6.089044875446846,19,17,2,1152.5882352941176,361.0,36747.0
P11,3,7,DEVICE3-3,Y,955649,1056604,100955.0,,,,,,P11,P11,Intermediate,False,CON,3,DEVICE3-3,955649,1056604,100955,1,7,P11_T7_DEVICE3-3_143,2,SIMETRIC Recording 34.tsv,Recording 34,32.0,2536221.0,5039,4857,0.9638817225640008,13,2299.4615384615386,601.0,5798.7423293817865,300.0,1383.0,1083.0,29893.0,21519.0,0.1287702441681937,0.2961022237630628,1,20.0,7.740430260795973,4.614674873002337,Some prior experience,Any previous experience,0.022332506203473823,-1.1166253101736974,6.398594934535208,13,12,1,697.8333333333334,601.0,21519.0
P11,3,8,DEVICE2-3,N,1077200,1210026,132826.0,,,,,,P11,P11,Intermediate,False,ATG,3,DEVICE2-3,1077200,1210026,132826,0,8,P11_T8_DEVICE2-3_144,2,SIMETRIC Recording 34.tsv,Recording 34,32.0,2536221.0,6630,6428,0.9695324283559578,15,3034.733333333333,1042.0,6314.362171913744,260.0,2795.0,2535.0,45521.0,25226.0,0.1129296974989836,0.3427115173234156,1,20.0,8.017878835822255,4.889040001011847,Some prior experience,Any previous experience,0.022332506203473823,-0.11662531017369737,6.948897222313312,15,14,1,1449.642857142857,831.5,25226.0
P11,3,9,DEVICE1-3,Y,1239142,1419644,180502.0,1272071.0,1320856.0,1348907.0,1374519.0,1405009.0,P11,P11,Intermediate,False,MST,3,DEVICE1-3,1239142,1419644,180502,1,9,P11_T9_DEVICE1-3_145,2,SIMETRIC Recording 34.tsv,Recording 34,32.0,2536221.0,9009,8798,0.9765789765789766,8,4941.125,871.0,10885.58998253458,661.5,1858.0,1196.5,39529.0,31777.0,0.0443208385502653,0.2189948033816799,1,20.0,8.505348317048314,5.195741858043959,Some prior experience,Any previous experience,0.022332506203473823,0.8833746898263026,6.769641976852503,8,7,1,1107.4285714285713,781.0,31777.0
P11,4,10,DEVICE3-4,Y,1434290,1520896,86606.0,,,,,,P11,P11,Intermediate,False,CON,4,DEVICE3-4,1434290,1520896,86606,1,10,P11_T10_DEVICE3-4_146,2,SIMETRIC Recording 34.tsv,Recording 34,32.0,2536221.0,4322,4239,0.9807959278111984,10,3265.9,301.0,7616.235515878781,180.0,1147.0,967.0,32659.0,24565.0,0.1154654411934508,0.377098584393691,1,20.0,8.091290654568084,4.461369097233025,Some prior experience,Any previous experience,1.0223325062034738,1.8833746898263026,5.707110264748875,10,9,1,899.3333333333334,301.0,24565.0
P11,4,11,DEVICE1-4,Y,1541955,1704163,162208.0,1580982.0,1617571.0,1644402.0,1659038.0,1689528.0,P11,P11,Intermediate,False,MST,4,DEVICE1-4,1541955,1704163,162208,1,11,P11_T11_DEVICE1-4_147,2,SIMETRIC Recording 34.tsv,Recording 34,32.0,2536221.0,8096,7861,0.9709733201581028,10,4049.5,621.5,9540.645089417289,406.0,2089.0,1683.0,40495.0,31096.0,0.0616492404813572,0.2496485993292562,1,20.0,8.306348695689044,5.088879462289939,Some prior experience,Any previous experience,1.0223325062034738,2.8833746898263026,6.432135910950766,10,9,1,1044.3333333333333,541.0,31096.0
P11,4,12,DEVICE2-4,N,1726234,1821574,95340.0,,,,,,P11,P11,Intermediate,False,ATG,4,DEVICE2-4,1726234,1821574,95340,0,12,P11_T12_DEVICE2-4_148,2,SIMETRIC Recording 34.tsv,Recording 34,32.0,2536221.0,4759,4687,0.984870771170414,4,11280.5,4718.5,15445.903243255152,2644.5,13354.5,10710.0,45122.0,34242.0,0.0419551080344031,0.4732745961820851,1,20.0,9.330830850310806,4.55744944977668,Some prior experience,Any previous experience,1.0223325062034738,3.8833746898263026,8.459246231461387,4,3,1,3626.6666666666665,3045.0,34242.0
P11,5,13,DEVICE3-5 ,Y,1885244,1978956,93712.0,,,,,,P11,P11,Intermediate,False,CON,5,DEVICE3-5,1885244,1978956,93712,1,13,P11_T13_DEVICE3-5_149,2,SIMETRIC Recording 34.tsv,Recording 34,32.0,2536221.0,4677,4519,0.9662176608937352,7,5246.571428571428,1102.0,9938.399248322015,972.0,3025.0,2053.0,36726.0,27550.0,0.0746969438278982,0.3919028512890558,1,20.0,8.565330081023811,4.540226249347427,Some prior experience,Any previous experience,2.022332506203474,4.883374689826303,7.004881989712859,7,6,1,1529.3333333333333,1082.0,27550.0
P11,5,14,DEVICE1-5 ,Y,2066470,2281122,214652.0,2104278.0,2156721.0,2175015.0,2195749.0,2237216.0,P11,P11,Intermediate,False,MST,5,DEVICE1-5,2066470,2281122,214652,1,14,P11_T14_DEVICE1-5_150,2,SIMETRIC Recording 34.tsv,Recording 34,32.0,2536221.0,10714,10373,0.9681724845995892,11,4262.181818181818,841.0,8700.060905742923,310.5,1722.5,1412.0,46884.0,28692.0,0.0512457372863984,0.2184186497214095,2,20.0,8.3575364720447,5.369018112120756,Some prior experience,Any previous experience,2.022332506203474,5.883374689826303,6.734591659972948,11,9,2,781.2222222222222,400.0,28692.0
P11,5,15,DEVICE2-5 ,N,2392017,2524219,132202.0,,,,,,P11,P11,Intermediate,False,ATG,5,DEVICE2-5,2392017,2524219,132202,0,15,P11_T15_DEVICE2-5_151,2,SIMETRIC Recording 34.tsv,Recording 34,32.0,2536221.0,6599,6390,0.9683285346264584,11,4989.090909090909,942.0,9301.968495480358,681.5,1702.5,1021.0,54880.0,27069.0,0.0832060029349026,0.4151223128243143,2,20.0,8.515008989601396,4.88433105589619,Some prior experience,Any previous experience,2.022332506203474,6.883374689826303,6.848005274576363,11,9,2,877.2222222222222,842.0,27069.0
P13,1,1,DEVICE2-1,Y,24350,197115,172765.0,,,,,,P13,P13,Novice,False,ATG,1,DEVICE2-1,24350,197115,172765,1,1,P13_T1_DEVICE2-1_167,1,SIMETRIC Recording 36.tsv,Recording 36,8.0,703621.0,8623,8223,0.9536124318682592,85,756.8705882352941,281.0,1465.7105686828008,120.0,681.0,561.0,64334.0,10779.0,0.4919978004804214,0.3723786646600874,1,20.0,6.6291922853692045,5.1519322895583874,No prior experience,No previous experience,-1.9776674937965262,-7.116625310173697,5.638354669333745,85,84,1,637.5595238095239,260.5,10779.0
P13,3,7,DEVICE1-3,N,549635,697516,147881.0,601513.0,615824.0,674857.0,690361.0,,P13,P13,Novice,False,MST,3,DEVICE1-3,549635,697516,147881,0,7,P13_T7_DEVICE1-3_173,2,SIMETRIC Recording 37.tsv,Recording 37,9.0,714362.0,7381,7023,0.951497087115567,31,1205.967741935484,561.0,1988.718473186036,260.5,1302.5,1042.0,37385.0,10880.0,0.2096280117121198,0.2528046199308904,1,20.0,7.0950376289488695,4.996407896285221,No prior experience,No previous experience,0.022332506203473823,-1.1166253101736974,6.329720905522696,31,30,1,883.5,541.0,10880.0
P16,2,4,DEVICE1-2,N,58522,470494,411972.0,142575,213713.0,244174.0,263644,460898.0,P16,P16,Intermediate,False,MST,2,DEVICE1-2,58522,470494,411972,0,4,P16_T4_DEVICE1-2_209,2,SIMETRIC Recording 44.tsv,Recording 44,15.0,929898.0,20561,19533,0.9500024317883372,87,1599.8735632183907,922.0,2080.995791400803,350.5,2073.5,1723.0,139189.0,13765.0,0.2111794005417844,0.3378603400231084,1,20.0,7.377679882116886,6.0209553858750136,Some prior experience,Any previous experience,-0.9776674937965262,-4.116625310173697,6.826545223556594,87,86,1,1458.4186046511627,922.0,13765.0
P17,1,1,DEVICE2-1,Y,26676,206080,179404.0,,,,,,P17,P17,Novice,False,ATG,1,DEVICE2-1,26676,206080,179404,1,1,P17_T1_DEVICE2-1_221,1,SIMETRIC Recording 46.tsv,Recording 46,44.0,2266906.0,8954,7945,0.8873129327674782,48,1436.7291666666667,821.5,2099.795499055708,140.0,1783.0,1643.0,68963.0,10820.0,0.2675525629305924,0.3844005707788009,1,20.0,7.2701243969637135,5.189640245920168,No prior experience,No previous experience,-1.9776674937965262,-7.116625310173697,6.711131937477322,48,47,1,1237.0851063829787,761.0,10820.0
P18,2,4,DEVICE2-2,Y,281130,365845,84715.0,,,,,,P18,P18,Novice,False,ATG,2,DEVICE2-2,281130,365845,84715,1,4,P18_T4_DEVICE2-2_239,2,SIMETRIC Recording 49.tsv,Recording 49,18.0,2305670.0,4228,3989,0.9434720908230844,18,1359.0555555555557,631.0,2377.7230203364543,255.0,1012.0,757.0,24463.0,10118.0,0.2124771291978988,0.2887682228648999,1,20.0,7.214545293047419,4.43929268161007,No prior experience,No previous experience,-0.9776674937965262,-4.116625310173697,6.447305862541213,18,17,1,843.8235294117648,601.0,10118.0
P18,2,6,DEVICE3-2,Y,624217,705607,81390.0,,,,,,P18,P18,Novice,False,CON,2,DEVICE3-2,624217,705607,81390,1,6,P18_T6_DEVICE3-2_241,2,SIMETRIC Recording 49.tsv,Recording 49,18.0,2305670.0,4062,3797,0.9347612013786312,12,2416.0,801.5,5205.806653064528,75.0,1647.75,1572.75,28992.0,18633.0,0.1474382602285293,0.3562108367121268,1,20.0,7.789868559054706,4.399252415338951,No prior experience,No previous experience,-0.9776674937965262,-2.1166253101736974,6.686484972049608,12,11,1,941.7272727272727,801.0,18633.0
P18,4,10,DEVICE1-4,N,1314288,1524946,210658.0,1337775.0,1370229.0,1388478.0,1398993,1497937.0,P18,P18,Novice,False,MST,4,DEVICE1-4,1314288,1524946,210658,0,10,P18_T10_DEVICE1-4_245,2,SIMETRIC Recording 49.tsv,Recording 49,18.0,2305670.0,10514,10441,0.9930568765455584,17,1899.8235294117649,201.0,4878.535362115536,120.0,1142.0,1022.0,32297.0,20477.0,0.0806995224487083,0.153314851560349,1,20.0,7.549516281584021,5.350235965392,No prior experience,No previous experience,1.0223325062034738,1.8833746898263026,5.303304908059076,17,16,1,738.75,200.5,20477.0
P18,4,11,DEVICE3-4,Y,1546102,1619347,73245.0,,,,,,P18,P18,Novice,False,CON,4,DEVICE3-4,1546102,1619347,73245,1,11,P18_T11_DEVICE3-4_246,2,SIMETRIC Recording 49.tsv,Recording 49,18.0,2305670.0,3655,3627,0.9923392612859095,8,3426.25,911.5,5292.975230030298,671.75,3451.5,2779.75,27410.0,15668.0,0.1092224725237217,0.3742234964844017,1,20.0,8.139221647616996,4.293809986181733,No prior experience,No previous experience,1.0223325062034738,2.8833746898263026,6.815091594118718,8,7,1,1677.4285714285713,901.0,15668.0
P18,4,12,DEVICE2-4,N,1638537,1757072,118535.0,,,,,,P18,P18,Novice,False,ATG,4,DEVICE2-4,1638537,1757072,118535,0,12,P18_T12_DEVICE2-4_247,2,SIMETRIC Recording 49.tsv,Recording 49,18.0,2305670.0,5916,5863,0.9910412440838404,7,7756.714285714285,2324.0,14460.829733159457,1171.5,4608.5,3437.0,54297.0,40313.0,0.0590542877631079,0.4580672375247817,1,20.0,8.956314106721667,4.775208275615196,No prior experience,No previous experience,1.0223325062034738,3.8833746898263026,7.751045117971802,7,6,1,2330.6666666666665,1803.0,40313.0
P18,5,13,DEVICE3-5 ,Y,1775073,1851702,76629.0,,,,,,P18,P18,Novice,False,CON,5,DEVICE3-5,1775073,1851702,76629,1,13,P18_T13_DEVICE3-5_248,2,SIMETRIC Recording 49.tsv,Recording 49,18.0,2305670.0,3824,3765,0.984571129707113,25,1376.04,400.0,2902.6984497188123,241.0,1041.0,800.0,34401.0,14626.0,0.3262472432107948,0.4489292565477821,1,20.0,7.226965087838213,4.338975595177733,No prior experience,No previous experience,2.022332506203474,4.883374689826303,5.991464547107982,25,24,1,823.9583333333334,370.5,14626.0
P18,5,14,DEVICE1-5 ,Y,1941614,2096643,155029.0,1964876.0,2011758.0,2033737.0,2041771,2073358.0,P18,P18,Novice,False,MST,5,DEVICE1-5,1941614,2096643,155029,1,14,P18_T14_DEVICE1-5_249,2,SIMETRIC Recording 49.tsv,Recording 49,18.0,2305670.0,7737,7666,0.9908233165309552,5,9645.6,1904.0,17711.049977344654,1102.0,3326.0,2224.0,48228.0,41275.0,0.0322520302653052,0.3110901831270278,1,20.0,9.1742571318031,5.043612196193021,No prior experience,No previous experience,2.022332506203474,5.883374689826303,7.55171221535131,5,4,1,1738.25,1503.0,41275.0
P18,5,15,DEVICE2-5 ,Y,2176323,2249794,73471.0,,,,,,P18,P18,Novice,False,ATG,5,DEVICE2-5,2176323,2249794,73471,1,15,P18_T15_DEVICE2-5_250,2,SIMETRIC Recording 49.tsv,Recording 49,18.0,2305670.0,3667,3609,0.9841832560676302,5,4992.8,1022.0,8852.740406224504,661.0,1964.0,1303.0,24964.0,20797.0,0.0680540621469695,0.3397803214873895,1,20.0,8.515752153619832,4.296890770537243,No prior experience,No previous experience,2.022332506203474,6.883374689826303,6.92951677076365,5,4,1,1041.75,841.5,20797.0
P19,1,1,DEVICE3-1,N,11665,550598,538933.0,,,,,,P19,P19,Novice,False,CON,1,DEVICE3-1,11665,550598,538933,0,1,P19_T1_DEVICE3-1_251,1,SIMETRIC Recording 50.tsv,Recording 50,11.0,785252.0,26898,26541,0.9867276377425832,179,1619.7765363128492,722.0,2101.2490521108925,270.5,2234.0,1963.5,289940.0,12503.0,0.3321377610946073,0.5379889522445276,1,20.0,7.390043478164133,6.28959125891542,No prior experience,No previous experience,-1.9776674937965262,-7.116625310173697,6.582025138892826,179,178,1,1558.6348314606741,721.5,12503.0
P19,1,2,DEVICE2-1,N,568280,750439,182159.0,,,,,,P19,P19,Novice,False,ATG,1,DEVICE2-1,568280,750439,182159,0,2,P19_T2_DEVICE2-1_252,1,SIMETRIC Recording 50.tsv,Recording 50,11.0,785252.0,9091,9007,0.990760092399076,37,2127.5675675675675,1323.0,2490.139147612935,360.0,3045.0,2685.0,78720.0,11321.0,0.2031192529603258,0.432149934946942,1,20.0,7.662734619081911,5.204879932061013,No prior experience,No previous experience,-1.9776674937965262,-6.116625310173697,7.187657164114956,37,36,1,1872.1944444444443,1212.5,11321.0
P19,1,3,DEVICE1-1,Y,22860,380458,357598.0,73028.0,161152.0,293160.0,215302/303747,349029.0,P19,P19,Novice,False,MST,1,DEVICE1-1,22860,380458,357598,1,3,P19_T3_DEVICE1-1_253,2,SIMETRIC Recording 51.tsv,Recording 51,16.0,3488428.0,17847,17626,0.9876169664369362,12,5052.5,4819.0,4045.0249240719936,2669.5,6231.5,3562.0,60630.0,14546.0,0.0335572346601491,0.1695479281204033,1,20.0,8.527638449277775,5.879409450442556,No prior experience,No previous experience,-1.9776674937965262,-5.116625310173697,8.480321716640333,12,11,1,4189.454545454545,4769.0,14546.0
P19,2,4,DEVICE1-2,N,406392,825442,419050.0,419170.0,661308.0,693461.0,707313,807054.0,P19,P19,Novice,False,MST,2,DEVICE1-2,406392,825442,419050,0,4,P19_T4_DEVICE1-2_254,2,SIMETRIC Recording 51.tsv,Recording 51,16.0,3488428.0,20915,20671,0.988333731771456,46,2674.782608695652,2003.5,2239.687715464353,1127.0,4032.0,2905.0,123040.0,10679.0,0.1097721035675933,0.2936165135425367,1,20.0,7.891623388250376,6.037990244544916,No prior experience,No previous experience,-0.9776674937965262,-4.116625310173697,7.602650930076199,46,45,1,2496.911111111111,2003.0,10679.0
P19,2,5,DEVICE3-2,N,847588,1220737,373149.0,,,,,,P19,P19,Novice,False,CON,2,DEVICE3-2,847588,1220737,373149,0,5,P19_T5_DEVICE3-2_255,2,SIMETRIC Recording 51.tsv,Recording 51,16.0,3488428.0,18624,18423,0.989207474226804,86,2353.116279069768,1092.0,3390.4340947769497,280.25,3181.0,2900.75,202368.0,19736.0,0.2304709378827224,0.5423249157843114,2,20.0,7.763495804875581,5.921977803686361,No prior experience,No previous experience,-0.9776674937965262,-3.1166253101736974,6.9957661563048505,86,84,2,1952.1190476190477,1072.0,19736.0
P19,2,6,DEVICE2-2,Y,1240543,1537735,297192.0,,,,,,P19,P19,Novice,False,ATG,2,DEVICE2-2,1240543,1537735,297192,1,6,P19_T6_DEVICE2-2_256,2,SIMETRIC Recording 51.tsv,Recording 51,16.0,3488428.0,14832,14721,0.9925161812297736,36,4678.527777777777,2995.5,6146.249804258627,420.75,7603.25,7182.5,168427.0,32239.0,0.1211338124848582,0.566727906538534,4,20.0,8.450738762023933,5.694378394580907,No prior experience,No previous experience,-0.9776674937965262,-2.1166253101736974,8.00486644152398,36,32,4,3149.46875,1633.0,32239.0
P19,3,7,DEVICE3-3,Y,1562470,1800826,238356.0,,,,,,P19,P19,Novice,False,CON,3,DEVICE3-3,1562470,1800826,238356,1,7,P19_T7_DEVICE3-3_257,2,SIMETRIC Recording 51.tsv,Recording 51,16.0,3488428.0,11896,11721,0.9852891728312038,44,2991.8636363636365,1452.5,6089.339925243011,576.0,3125.25,2549.25,131642.0,40053.0,0.1845978284582725,0.5522915303159979,1,20.0,8.003651761974075,5.473765354398819,No prior experience,No previous experience,0.022332506203473823,-1.1166253101736974,7.281041488726066,44,43,1,2129.9767441860463,1443.0,40053.0
P19,3,8,DEVICE2-3,Y,1818739,2019222,200483.0,,,,,,P19,P19,Novice,False,ATG,3,DEVICE2-3,1818739,2019222,200483,1,8,P19_T8_DEVICE2-3_258,2,SIMETRIC Recording 51.tsv,Recording 51,16.0,3488428.0,10006,9857,0.9851089346392164,32,3616.53125,1913.5,4473.900960620781,335.75,4924.5,4588.75,115729.0,20657.0,0.1596145309078575,0.5772509389823576,3,20.0,8.193270627203198,5.30072945512199,No prior experience,No previous experience,0.022332506203473823,-0.11662531017369737,7.556689304865757,32,29,3,2547.344827586207,1343.0,20657.0
P19,3,9,DEVICE1-3,Y,2044630,2637590,592960.0,2082713.0,2455800.0,2475265.0,2484598/2500103,2619143.0,P19,P19,Novice,False,MST,3,DEVICE1-3,2044630,2637590,592960,1,9,P19_T9_DEVICE1-3_259,2,SIMETRIC Recording 51.tsv,Recording 51,16.0,3488428.0,29595,29374,0.992532522385538,67,3269.1492537313434,2885.0,3042.587740592533,861.5,4368.0,3506.5,219033.0,16370.0,0.1129924446842957,0.3693891662169455,2,20.0,8.092285062987346,6.385126943096995,No prior experience,No previous experience,0.022332506203473823,0.8833746898263026,7.9672801789422,67,65,2,2929.5538461538463,2885.0,16370.0
P19,4,10,DEVICE3-4,Y,2655140,2791049,135909.0,,,,,,P19,P19,Novice,False,CON,4,DEVICE3-4,2655140,2791049,135909,1,10,P19_T10_DEVICE3-4_260,2,SIMETRIC Recording 51.tsv,Recording 51,16.0,3488428.0,6784,6715,0.9898290094339622,24,2908.5416666666665,2154.0,3779.79627906477,296.0,4853.25,4557.25,69805.0,18273.0,0.1765887468821049,0.5136157281710556,1,20.0,7.975407089074802,4.911985544129871,No prior experience,No previous experience,1.0223325062034738,1.8833746898263026,7.675081857716334,24,23,1,2240.521739130435,2144.0,18273.0
P19,4,11,DEVICE1-4,Y,2804905,3072123,267218.0,2862402.0,2978674.0,3003050.0,3012786,3061414.0,P19,P19,Novice,False,MST,4,DEVICE1-4,2804905,3072123,267218,1,11,P19_T11_DEVICE1-4_261,2,SIMETRIC Recording 51.tsv,Recording 51,16.0,3488428.0,13337,12998,0.974581989952763,44,1718.0454545454545,301.0,2807.691851462613,145.0,2414.25,2269.25,75594.0,12442.0,0.1646595663465784,0.2828926195091648,1,20.0,7.448942560020423,5.588064804663014,No prior experience,No previous experience,1.0223325062034738,2.8833746898263026,5.707110264748875,44,43,1,1468.6511627906978,301.0,12442.0
P19,4,12,DEVICE2-4,Y,3086854,3474559,387705.0,,,,,,P19,P19,Novice,False,ATG,4,DEVICE2-4,3086854,3474559,387705,1,12,P19_T12_DEVICE2-4_262,2,SIMETRIC Recording 51.tsv,Recording 51,16.0,3488428.0,19350,19210,0.992764857881137,59,4443.203389830508,2564.0,5765.63127440544,300.5,6451.5,6151.0,262149.0,24484.0,0.1521775576791633,0.676155840136186,7,20.0,8.399130879477728,5.960244741163236,No prior experience,No previous experience,1.0223325062034738,3.8833746898263026,7.849323818040561,59,52,7,2737.153846153846,1522.5,24484.0
P19,5,13,DEVICE3-5 ,Y,30592,180750,150158.0,,,,,,P19,P19,Novice,False,CON,5,DEVICE3-5,30592,180750,150158,1,13,P19_T13_DEVICE3-5_263,3,SIMETRIC Recording 52.tsv,Recording 52,7.0,1029410.0,7494,7462,0.9957299172671472,9,11640.888888888889,13564.0,8922.839618703852,2444.0,17732.0,15288.0,104768.0,25646.0,0.0599368665006193,0.6977184032818764,5,20.0,9.362279083394588,5.011688073063287,No prior experience,No previous experience,2.022332506203474,4.883374689826303,9.515174503245529,9,4,5,3265.75,2113.5,25646.0
P19,5,14,DEVICE2-5 ,Y,315878,610350,294472.0,,,,,,P19,P19,Novice,False,ATG,5,DEVICE2-5,315878,610350,294472,1,14,P19_T14_DEVICE2-5_264,3,SIMETRIC Recording 52.tsv,Recording 52,7.0,1029410.0,14697,14622,0.994896917738314,38,5827.8421052631575,2324.5,7563.15835472984,296.0,8239.75,7943.75,221458.0,25406.0,0.1290445271536852,0.7520511288000218,7,20.0,8.670402074508685,5.685183922170915,No prior experience,No previous experience,2.022332506203474,5.883374689826303,7.751260241130639,38,31,7,2576.8387096774195,1182.0,25406.0
P19,5,15,DEVICE1-5 ,Y,777396,959194,181798.0,802786.0,871006.0,892524.0,901773,948242.0,P19,P19,Novice,False,MST,5,DEVICE1-5,777396,959194,181798,1,15,P19_T15_DEVICE1-5_265,3,SIMETRIC Recording 52.tsv,Recording 52,7.0,1029410.0,9073,9022,0.9943789264851758,8,6814.875,6982.5,5497.645039664061,2183.5,11656.5,9473.0,54519.0,12723.0,0.0440048845421841,0.2998877875444174,4,20.0,8.826863002069535,5.202896180582756,No prior experience,No previous experience,2.022332506203474,6.883374689826303,8.851162297819332,8,4,4,1768.25,1903.0,12723.0
P2,3,7,DEVICE3-3,Y,1525021,1634513,109492.0,,,,,,P2,P2,Intermediate,False,CON,3,DEVICE3-3,1525021,1634513,109492,1,7,P2_T7_DEVICE3-3_22,1,SIMETRIC Recording 16.tsv,Recording 16,2.0,3291257.0,5465,5052,0.9244281793229644,2,7182.5,7182.5,5596.750173091524,5203.75,9161.25,3957.5,14365.0,11140.0,0.0182661746976948,0.1311967997661929,1,20.0,8.879402790853444,4.69585148722686,Some prior experience,Any previous experience,0.022332506203473823,-1.1166253101736974,8.879402790853444,2,1,1,3225.0,3225.0,11140.0
P2,3,9,DEVICE1-3,Y,1922430,2120236,197806.0,1985618.0,2007597.0,2037817.0,2068037,2090016.0,P2,P2,Intermediate,False,MST,3,DEVICE1-3,1922430,2120236,197806,1,9,P2_T9_DEVICE1-3_24,1,SIMETRIC Recording 16.tsv,Recording 16,2.0,3291257.0,9872,9161,0.9279781199351702,2,6171.5,6171.5,7962.729462941712,3356.25,8986.75,5630.5,12343.0,11802.0,0.0101109167568223,0.062399522764729,1,20.0,8.727697199183984,5.28728675239893,Some prior experience,Any previous experience,0.022332506203473823,0.8833746898263026,8.727697199183984,2,1,1,541.0,541.0,11802.0
P20,2,5,DEVICE2-2,Y,701275,777587,76312.0,,,,,,P20,P20,Novice,False,ATG,2,DEVICE2-2,701275,777587,76312,1,5,P20_T5_DEVICE2-2_270,1,SIMETRIC Recording 53.tsv,Recording 53,3.0,2352038.0,3808,3667,0.9629726890756304,31,866.6451612903226,261.0,2515.1406660249586,90.0,661.5,571.5,26866.0,14185.0,0.4062270678268162,0.3520547227172659,1,20.0,6.7646296211378125,4.334830199842907,No prior experience,No previous experience,-0.9776674937965262,-3.1166253101736974,5.564520407322694,31,30,1,422.7,250.5,14185.0
P20,3,9,DEVICE3-3,Y,1158661,1227015,68354.0,,,,,,P20,P20,Novice,False,CON,3,DEVICE3-3,1158661,1227015,68354,1,9,P20_T9_DEVICE3-3_274,1,SIMETRIC Recording 53.tsv,Recording 53,3.0,2352038.0,3411,3287,0.9636470243330402,16,1580.25,942.0,2915.9116699013134,210.0,1307.0,1097.0,25284.0,12122.0,0.2340755478830792,0.369897884542236,1,20.0,7.365338341352408,4.224700083769227,No prior experience,No previous experience,0.022332506203473823,0.8833746898263026,6.848005274576363,16,15,1,877.4666666666667,942.0,12122.0
P20,5,13,DEVICE1-5 ,Y,1630494,1741924,111430.0,1638947.0,1660625.0,1672018.0,1680481.0,1726411.0,P20,P20,Novice,False,MST,5,DEVICE1-5,1630494,1741924,111430,1,13,P20_T13_DEVICE1-5_278,1,SIMETRIC Recording 53.tsv,Recording 53,3.0,2352038.0,5561,5426,0.9757237906851286,13,1780.076923076923,300.0,5325.732742411108,180.0,381.0,201.0,23141.0,19495.0,0.1166651709593466,0.207672978551557,1,20.0,7.484411857564135,4.713396591058963,No prior experience,No previous experience,2.022332506203474,4.883374689826303,5.703782474656201,13,12,1,303.8333333333333,280.5,19495.0
P21,1,2,DEVICE2-1,N,262280,376902,114622.0,,,,,,P21,P21,Novice,False,ATG,1,DEVICE2-1,262280,376902,114622,0,2,P21_T2_DEVICE2-1_283,1,SIMETRIC Recording 54.tsv,Recording 54,1.0,2088860.0,5720,5455,0.9536713286713286,18,2887.4444444444443,1382.5,3692.61779010377,135.0,4242.75,4107.75,51974.0,13544.0,0.157037915932369,0.4534382579260526,1,20.0,7.968127114625718,4.741639757933147,No prior experience,No previous experience,-1.9776674937965262,-6.116625310173697,7.23164873339649,18,17,1,2260.5882352941176,1002.0,13544.0
P21,1,3,DEVICE3-1,Y,393914,481731,87817.0,,,,,,P21,P21,Novice,False,CON,1,DEVICE3-1,393914,481731,87817,1,3,P21_T3_DEVICE3-1_284,1,SIMETRIC Recording 54.tsv,Recording 54,1.0,2088860.0,4383,4192,0.9564225416381474,18,2501.277777777778,1853.5,3035.2737216533665,245.0,3386.5,3141.5,45023.0,10199.0,0.2049717025177357,0.5126911645808898,1,20.0,7.824556991394608,4.475255103766658,No prior experience,No previous experience,-1.9776674937965262,-5.116625310173697,7.524831022590787,18,17,1,2048.470588235294,1784.0,10199.0
P23,1,2,DEVICE3-1,Y,215572,321938,106366.0,,,,,,P23,P23,Novice,False,CON,1,DEVICE3-1,215572,321938,106366,1,2,P23_T2_DEVICE3-1_313,1,SIMETRIC Recording 57.tsv,Recording 57,13.0,3375540.0,5309,4362,0.8216236579393483,9,4454.666666666667,2164.0,4933.449756509131,1282.0,6712.0,5430.0,40092.0,15248.0,0.0846135043152887,0.3769249572231728,1,20.0,8.401707514808537,4.666885976968744,No prior experience,No previous experience,-1.9776674937965262,-6.116625310173697,7.679713639966372,9,8,1,3105.5,1783.0,15248.0
P23,1,3,DEVICE1-1,Y,337154,524962,187808.0,372169.0,396260.0,417991.0,430924.0,495463.0,P23,P23,Novice,False,MST,1,DEVICE1-1,337154,524962,187808,1,3,P23_T3_DEVICE1-1_314,1,SIMETRIC Recording 57.tsv,Recording 57,13.0,3375540.0,9373,8881,0.947508801877734,5,3706.8,2264.0,4451.040631133354,581.0,4488.0,3907.0,18534.0,11060.0,0.0266229340603169,0.0986858919747827,1,20.0,8.217924249712537,5.235420164375924,No prior experience,No previous experience,-1.9776674937965262,-5.116625310173697,7.724888439323074,5,4,1,1868.5,1422.5,11060.0
P23,2,5,DEVICE2-2,Y,748006,867230,119224.0,,,,,,P23,P23,Novice,False,ATG,2,DEVICE2-2,748006,867230,119224,1,5,P23_T5_DEVICE2-2_316,1,SIMETRIC Recording 57.tsv,Recording 57,13.0,3375540.0,5951,5413,0.9095950260460428,4,6521.75,2695.0,9358.841216553825,511.0,8705.75,8194.75,26087.0,20216.0,0.0335502918875394,0.2188066161175602,1,20.0,8.782898023814521,4.781004076646492,No prior experience,No previous experience,-0.9776674937965262,-3.1166253101736974,7.899153483343097,4,3,1,1957.0,521.0,20216.0
P23,2,6,DEVICE3-2,Y,882499,975517,93018.0,,,,,,P23,P23,Novice,False,CON,2,DEVICE3-2,882499,975517,93018,1,6,P23_T6_DEVICE3-2_317,1,SIMETRIC Recording 57.tsv,Recording 57,13.0,3375540.0,4642,4275,0.9209392503231366,6,7286.666666666667,8445.5,5852.823922404182,2324.25,11290.75,8966.5,43720.0,14186.0,0.0645036444559117,0.4700165559354103,2,20.0,8.89380147306242,4.53279302281228,No prior experience,No previous experience,-0.9776674937965262,-2.1166253101736974,9.0413890341204,6,4,2,4373.0,4167.5,14186.0
P23,3,7,DEVICE3-3,Y,990334,1071818,81484.0,,,,,,P23,P23,Novice,False,CON,3,DEVICE3-3,990334,1071818,81484,1,7,P23_T7_DEVICE3-3_318,1,SIMETRIC Recording 57.tsv,Recording 57,13.0,3375540.0,4067,3442,0.8463240717973937,7,5003.0,1001.0,8963.77357292489,220.0,4378.0,4158.0,35021.0,24724.0,0.0859064356192626,0.4297898974031712,1,20.0,8.517793011488205,4.400406681955311,No prior experience,No previous experience,0.022332506203473823,-1.1166253101736974,6.90875477931522,7,6,1,1716.1666666666667,650.5,24724.0
P23,3,8,DEVICE2-3,Y,1087778,1206226,118448.0,,,,,,P23,P23,Novice,False,ATG,3,DEVICE2-3,1087778,1206226,118448,1,8,P23_T8_DEVICE2-3_319,1,SIMETRIC Recording 57.tsv,Recording 57,13.0,3375540.0,5912,5501,0.9304803788903924,14,3046.8571428571427,571.0,8149.147835176415,230.75,1673.0,1442.25,42656.0,31216.0,0.1181953262191003,0.360124273942996,1,20.0,8.021865893363177,4.774474045700742,No prior experience,No previous experience,0.022332506203473823,-0.11662531017369737,6.3473892096560105,14,13,1,880.0,501.0,31216.0
P23,3,9,DEVICE1-3,N,1227010,1597945,370935.0,1236479.0,1302974.0,1314254.0,1323585.0,1549985.0,P23,P23,Novice,False,MST,3,DEVICE1-3,1227010,1597945,370935,0,9,P23_T9_DEVICE1-3_320,1,SIMETRIC Recording 57.tsv,Recording 57,13.0,3375540.0,18514,16245,0.8774440963595117,39,2626.25641025641,1102.0,4039.00804470048,321.0,2625.0,2304.0,102424.0,17872.0,0.1051397145052367,0.2761238491919069,2,20.0,7.873314692996368,5.916026845101411,No prior experience,No previous experience,0.022332506203473823,0.8833746898263026,7.004881989712859,39,37,2,1829.7837837837837,1102.0,17872.0
P23,4,10,DEVICE3-4,Y,1633966,1708547,74581.0,,,,,,P23,P23,Novice,False,CON,4,DEVICE3-4,1633966,1708547,74581,1,10,P23_T10_DEVICE3-4_321,1,SIMETRIC Recording 57.tsv,Recording 57,13.0,3375540.0,3723,3433,0.922105828632823,6,3536.1666666666665,1152.0,6808.400176742453,365.5,1277.0,911.5,21217.0,17391.0,0.0804494442284227,0.2844826430324077,1,20.0,8.170798556885062,4.311885783081271,No prior experience,No previous experience,1.0223325062034738,1.8833746898263026,7.049254841255837,6,5,1,765.2,1042.0,17391.0
P23,4,12,DEVICE2-4,Y,1909878,2021696,111818.0,,,,,,P23,P23,Novice,False,ATG,4,DEVICE2-4,1909878,2021696,111818,1,12,P23_T12_DEVICE2-4_323,1,SIMETRIC Recording 57.tsv,Recording 57,13.0,3375540.0,5581,5320,0.953234187421609,4,10814.5,1613.0,19468.29772561878,495.75,11931.75,11436.0,43258.0,39972.0,0.0357724158901071,0.3868607916435636,1,20.0,9.288643105233357,4.71687254955051,No prior experience,No previous experience,1.0223325062034738,3.8833746898263026,7.385851078125209,4,3,1,1095.3333333333333,641.0,39972.0
P23,5,13,DEVICE1-5 ,N,2060654,2377981,317327.0,2084520.0,2101845.0,2123846.0,2132307.0,2283669.0,P23,P23,Novice,False,MST,5,DEVICE1-5,2060654,2377981,317327,0,13,P23_T13_DEVICE1-5_324,1,SIMETRIC Recording 57.tsv,Recording 57,13.0,3375540.0,15838,13666,0.8628614724081324,59,2065.762711864407,762.0,2687.0290050086983,301.0,2805.0,2504.0,121880.0,12222.0,0.1859280804974049,0.3840832957800628,2,20.0,7.633254789193926,5.759932787940899,No prior experience,No previous experience,2.022332506203474,4.883374689826303,6.635946555686647,59,57,2,1721.3508771929824,722.0,12222.0
P23,5,14,DEVICE1-5 ,Y,2412618,2573031,160413.0,2442682.0,2472161.0,2490379.0,2502948.0,2555547.0,P23,P23,Novice,False,MST,5,DEVICE1-5,2412618,2573031,160413,1,14,P23_T14_DEVICE1-5_325,1,SIMETRIC Recording 57.tsv,Recording 57,13.0,3375540.0,8007,7054,0.8809791432496565,12,2335.9166666666665,801.5,4648.566395984765,310.25,2083.25,1773.0,28031.0,16851.0,0.0748069046773017,0.1747426954174537,1,20.0,7.756159669795821,5.077751739529798,No prior experience,No previous experience,2.022332506203474,5.883374689826303,6.686484972049608,12,11,1,1016.3636363636364,681.0,16851.0
P23,5,15,DEVICE3-5 ,Y,2847033,2967290,120257.0,,,,,,P23,P23,Novice,False,CON,5,DEVICE3-5,2847033,2967290,120257,1,15,P23_T15_DEVICE3-5_326,1,SIMETRIC Recording 57.tsv,Recording 57,13.0,3375540.0,6002,5637,0.9391869376874376,8,5480.125,1112.5,8362.78703436497,535.75,6607.5,6071.75,43841.0,19095.0,0.0665241940178118,0.3645608987418612,2,20.0,8.60888318990089,4.789631119349827,No prior experience,No previous experience,2.022332506203474,6.883374689826303,7.014365014040395,8,6,2,981.8333333333334,671.5,19095.0
P23,5,16,DEVICE2-5 ,Y,3200910,3305018,104108.0,,,,,,P23,P23,Novice,False,ATG,5,DEVICE2-5,3200910,3305018,104108,1,16,P23_T16_DEVICE2-5_327,1,SIMETRIC Recording 57.tsv,Recording 57,13.0,3375540.0,5196,4725,0.909353348729792,7,6314.0,2264.0,11835.340749917876,690.5,3726.5,3036.0,44198.0,32899.0,0.0672378683674645,0.4245399008721712,1,20.0,8.750524669117937,4.645428821851653,No prior experience,No previous experience,2.022332506203474,7.883374689826303,7.724888439323074,7,6,1,1883.1666666666667,1632.5,32899.0
P25,1,2,DEVICE3-1,N,336197,553706,217509.0,,,,,,P25,P25,Novice,False,CON,1,DEVICE3-1,336197,553706,217509,0,2,P25_T2_DEVICE3-1_344,1,SIMETRIC Recording 61.tsv,Recording 61,2.0,786825.0,10856,10825,0.997144436256448,36,2171.1666666666665,771.5,3863.29493345475,275.75,2610.0,2334.25,78162.0,21739.0,0.1655103926734066,0.3593506475594113,1,20.0,7.683019936469509,5.382240228982983,No prior experience,No previous experience,-1.9776674937965262,-6.116625310173697,6.648336671803215,36,35,1,1612.0857142857142,721.0,21739.0
P25,1,3,DEVICE2-1,N,584781,773350,188569.0,,,,,,P25,P25,Novice,False,ATG,1,DEVICE2-1,584781,773350,188569,0,3,P25_T3_DEVICE2-1_345,1,SIMETRIC Recording 61.tsv,Recording 61,2.0,786825.0,9411,9373,0.9959621719264692,24,2736.583333333333,1392.5,3109.799908517346,556.0,4267.75,3711.75,65678.0,11421.0,0.1272743664122947,0.3482969098844455,1,20.0,7.914465462644818,5.239463987654292,No prior experience,No previous experience,-1.9776674937965262,-5.116625310173697,7.238855971801439,24,23,1,2359.0,1242.0,11421.0
P25,2,5,DEVICE1-2,N,228979,565360,336381.0,271857/470723,483790.0,509422.0,521563,,P25,P25,Novice,False,MST,2,DEVICE1-2,228979,565360,336381,0,5,P25_T5_DEVICE1-2_347,2,SIMETRIC Recording 62.tsv,Recording 62,15.0,2472168.0,16789,16739,0.9970218595508964,40,4316.3,1182.0,6786.386112784541,476.0,4328.0,3852.0,172652.0,29193.0,0.1189127804483606,0.513263234249259,7,20.0,8.37015383276685,5.818244446123217,No prior experience,No previous experience,-0.9776674937965262,-3.1166253101736974,7.074963197966044,40,33,7,1580.3939393939395,741.0,29193.0
P25,3,7,DEVICE1-3,Y,740193,968563,228370.0,760624,781267.0,883672.0,901669,933841.0,P25,P25,Novice,False,MST,3,DEVICE1-3,740193,968563,228370,1,7,P25_T7_DEVICE1-3_349,2,SIMETRIC Recording 62.tsv,Recording 62,15.0,2472168.0,11398,11363,0.996929285839621,5,3426.0,1523.0,5652.918140217493,180.0,1843.0,1663.0,17130.0,13444.0,0.0218942943468932,0.0750098524324561,1,20.0,8.139148678884066,5.4309671206435,No prior experience,No previous experience,0.022332506203473823,-1.1166253101736974,7.328437352895162,5,4,1,921.5,851.5,13444.0
P25,5,14,DEVICE1-5 ,Y,1966397,2139642,173245.0,1974908,2017712.0,2055915.0,2067037,2122159.0,P25,P25,Novice,False,MST,5,DEVICE1-5,1966397,2139642,173245,1,14,P25_T14_DEVICE1-5_356,2,SIMETRIC Recording 62.tsv,Recording 62,15.0,2472168.0,8646,8638,0.9990747166319686,4,8074.5,5099.0,8052.939028702503,3411.25,9762.25,6351.0,32298.0,19876.0,0.0230886894282663,0.1864296227885364,1,20.0,8.996466226669122,5.1547067776246935,No prior experience,No previous experience,2.022332506203474,5.883374689826303,8.536799721055155,4,3,1,4140.666666666667,3807.0,19876.0
P25,5,16,DEVICE2-5 ,Y,2318097,2382646,64549.0,,,,,,P25,P25,Novice,False,ATG,5,DEVICE2-5,2318097,2382646,64549,1,16,P25_T16_DEVICE2-5_358,2,SIMETRIC Recording 62.tsv,Recording 62,15.0,2472168.0,3222,3211,0.9965859714463068,7,3185.714285714286,1643.0,3394.958994071735,1312.5,3776.5,2464.0,22300.0,10259.0,0.108444747401199,0.3454739810066771,1,20.0,8.066431808392897,4.167424625305881,No prior experience,No previous experience,2.022332506203474,7.883374689826303,7.404279118037268,7,6,1,2006.8333333333333,1593.0,10259.0
P26,2,8,DEVICE3-2,N,12523,65019,52496.0,,,,,,P26,P26,Novice,False,CON,2,DEVICE3-2,12523,65019,52496,0,8,P26_T8_DEVICE3-2_366,6,SIMETRIC Recording 68.tsv,Recording 68,9.0,1538553.0,2620,2371,0.9049618320610688,8,3538.875,1954.0,4111.40717785807,966.75,4378.0,3411.25,28311.0,12342.0,0.1523925632429137,0.5392982322462664,1,20.0,8.171564159009607,3.9607369762187457,No prior experience,No previous experience,-0.9776674937965262,-0.11662531017369737,7.577633832602728,8,7,1,2281.285714285714,1223.0,12342.0
P26,2,9,DEVICE2-2,N,84636,183051,98415.0,,,,,,P26,P26,Novice,False,ATG,2,DEVICE2-2,84636,183051,98415,0,9,P26_T9_DEVICE2-2_367,6,SIMETRIC Recording 68.tsv,Recording 68,9.0,1538553.0,4912,4181,0.8511807817589576,17,3381.4117647058824,721.0,6333.898799898286,180.0,3326.0,3146.0,57484.0,21439.0,0.1727378956459889,0.584097952547884,2,20.0,8.126048583137921,4.58919323146495,No prior experience,No previous experience,-0.9776674937965262,0.8833746898263026,6.580639137284949,17,15,2,1196.8,702.0,21439.0
P26,3,10,DEVICE3-3,N,195326,263180,67854.0,,,,,,P26,P26,Novice,False,CON,3,DEVICE3-3,195326,263180,67854,0,10,P26_T10_DEVICE3-3_368,6,SIMETRIC Recording 68.tsv,Recording 68,9.0,1538553.0,3386,2713,0.8012404016538689,7,3818.571428571429,862.0,7050.390718656257,531.5,2484.5,1953.0,26730.0,19596.0,0.1031626727974769,0.3939340348395083,1,20.0,8.247631660077651,4.217358338117245,No prior experience,No previous experience,0.022332506203473823,1.8833746898263026,6.759255270663693,7,6,1,1189.0,802.0,19596.0
P26,3,11,DEVICE2-3,N,280963,351605,70642.0,,,,,,P26,P26,Novice,False,ATG,3,DEVICE2-3,280963,351605,70642,0,11,P26_T11_DEVICE2-3_369,6,SIMETRIC Recording 68.tsv,Recording 68,9.0,1538553.0,3526,2907,0.8244469653998866,36,852.6111111111111,331.0,2581.406441433239,240.0,536.0,296.0,30694.0,15809.0,0.5096118456442343,0.4345007219501147,1,20.0,6.7483035362789305,4.257624868465693,No prior experience,No previous experience,0.022332506203473823,2.8833746898263026,5.802118375377063,36,35,1,425.2857142857143,321.0,15809.0
P26,3,12,DEVICE1-3,N,373770,606645,232875.0,402465,436418,595892.0,,,P26,P26,Novice,False,MST,3,DEVICE1-3,373770,606645,232875,0,12,P26_T12_DEVICE1-3_370,6,SIMETRIC Recording 68.tsv,Recording 68,9.0,1538553.0,11622,8078,0.6950610910342454,8,3468.875,2615.0,3341.955391576272,1052.0,5099.25,4047.25,27751.0,10218.0,0.0343531937734836,0.119166935050993,1,20.0,8.1515856128815,5.450501828921753,No prior experience,No previous experience,0.022332506203473823,3.8833746898263026,7.869019376499023,8,7,1,2504.714285714286,1783.0,10218.0
P26,4,14,DEVICE1-4,Y,714070,1177712,463642.0,739986,965215,1058890.0,1083121.0,1163263.0,P26,P26,Novice,False,MST,4,DEVICE1-4,714070,1177712,463642,1,14,P26_T14_DEVICE1-4_372,6,SIMETRIC Recording 68.tsv,Recording 68,9.0,1538553.0,23140,20539,0.8875972342264478,68,3194.5882352941176,1021.5,4661.999299625673,235.25,4012.5,3777.25,217232.0,21459.0,0.1466648836818062,0.4685339119406784,7,20.0,8.069213480663956,6.1391127027028976,No prior experience,No previous experience,1.0223325062034738,5.883374689826303,6.929027414257677,68,61,7,1914.2622950819673,762.0,21459.0
P26,5,17,DEVICE2-5 ,N,83498,192143,108645.0,,,,,,P26,P26,Novice,False,ATG,5,DEVICE2-5,83498,192143,108645,0,17,P26_T17_DEVICE2-5_375,7,SIMETRIC Recording 69.tsv,Recording 69,15.0,1316497.0,5423,4849,0.8941545270145675,25,1964.28,902.0,2658.085848249952,240.0,3085.0,2845.0,49107.0,12002.0,0.2301072299691656,0.4519950296838326,1,20.0,7.582881044944264,4.688085686315399,No prior experience,No previous experience,2.022332506203474,8.883374689826303,6.804614520062624,25,24,1,1546.0416666666667,841.5,12002.0
P26,5,18,DEVICE1-5 ,Y,294854,1200547,905693.0,328136/707668,582548/808748,990178.0,1007384.0,1181113.0,P26,P26,Novice,False,MST,5,DEVICE1-5,294854,1200547,905693,1,18,P26_T18_DEVICE1-5_376,7,SIMETRIC Recording 69.tsv,Recording 69,15.0,1316497.0,45203,36471,0.8068269805101431,260,1608.0576923076924,441.0,3399.179936382008,180.75,1237.25,1056.5,418095.0,29414.0,0.2870729927249079,0.4616299342050783,9,20.0,7.382782327396105,6.808700396522505,No prior experience,No previous experience,2.022332506203474,9.883374689826303,6.089044875446846,260,251,9,1078.2749003984063,421.0,29414.0
P28,3,9,DEVICE2-3,Y,903435,1048130,144695.0,,,,,,P28,P28,Intermediate,False,ATG,3,DEVICE2-3,903435,1048130,144695,1,9,P28_T9_DEVICE2-3_401,1,SIMETRIC Recording 72.tsv,Recording 72,13.0,1954449.0,7222,6929,0.9594295209083356,35,1872.4571428571428,842.0,2629.5673804645817,100.5,2614.5,2514.0,65536.0,10700.0,0.2418881094716472,0.4529251183523964,2,20.0,7.535006827469711,4.9746280787902535,Some prior experience,Any previous experience,0.022332506203473823,0.8833746898263026,6.7357800142423265,35,33,2,1357.5151515151515,781.0,10700.0
P3,1,1,DEVICE1-1,Y,47694,206452,158758.0,56781,96639.0,124460.0,133940.0,173191.0,P3,P3,Expert,False,MST,1,DEVICE1-1,47694,206452,158758,1,1,P3_T1_DEVICE1-1_31,1,SIMETRIC Recording 17.tsv,Recording 17,38.0,3925340.0,7924,7391,0.9327359919232712,5,4532.2,2705.0,5130.689398121855,541.0,7073.0,6532.0,22661.0,12262.0,0.0314944758689325,0.1427392635331762,1,20.0,8.418962751800825,5.067381030203869,Higher prior experience,Any previous experience,-1.9776674937965262,-7.116625310173697,7.902857191280582,5,4,1,2599.75,1623.0,12262.0
P3,1,2,DEVICE2-1,Y,244340,394412,150072.0,,,,,,P3,P3,Expert,False,ATG,1,DEVICE2-1,244340,394412,150072,1,2,P3_T2_DEVICE2-1_32,1,SIMETRIC Recording 17.tsv,Recording 17,38.0,3925340.0,7491,7175,0.9578160459217728,16,2284.125,471.0,4055.2868517529055,170.0,2228.75,2058.75,36546.0,15869.0,0.1066154912308758,0.2435231089077243,1,20.0,7.733738297824758,5.011115178933107,Higher prior experience,Any previous experience,-1.9776674937965262,-6.116625310173697,6.154858094016418,16,15,1,1378.4666666666667,241.0,15869.0
P3,1,3,DEVICE3-1,Y,419897,630198,210301.0,,,,,,P3,P3,Expert,False,CON,1,DEVICE3-1,419897,630198,210301,1,3,P3_T3_DEVICE3-1_33,1,SIMETRIC Recording 17.tsv,Recording 17,38.0,3925340.0,10497,10012,0.9537963227588836,44,2243.090909090909,401.0,3347.295310921952,120.0,2324.25,2204.25,98696.0,11781.0,0.209223921902416,0.4693082771836558,1,20.0,7.715610063833039,5.348539837809094,Higher prior experience,Any previous experience,-1.9776674937965262,-5.116625310173697,5.993961427306569,44,43,1,2021.2790697674418,401.0,11781.0
P3,2,4,DEVICE3-2,Y,640036,804532,164496.0,,,,,,P3,P3,Expert,False,CON,2,DEVICE3-2,640036,804532,164496,1,4,P3_T4_DEVICE3-2_34,1,SIMETRIC Recording 17.tsv,Recording 17,38.0,3925340.0,8210,8001,0.9745432399512788,41,2200.9756097560976,561.0,4338.658810553124,140.0,1803.0,1663.0,90240.0,16951.0,0.2492461822779885,0.5485847680186752,3,20.0,7.696656000027578,5.102886253800363,Higher prior experience,Any previous experience,-0.9776674937965262,-4.116625310173697,6.329720905522696,41,38,3,1085.0263157894738,501.0,16951.0
P3,2,5,DEVICE1-2,N,817143,1229395,412252.0,846589,1095249.0,1131240.0,1160686.0,1219580.0,P3,P3,Expert,False,MST,2,DEVICE1-2,817143,1229395,412252,0,5,P3_T5_DEVICE1-2_35,1,SIMETRIC Recording 17.tsv,Recording 17,38.0,3925340.0,20575,20019,0.9729769137302552,106,2075.198113207547,320.5,4380.916021672726,140.25,1648.0,1507.75,219971.0,27169.0,0.257124283205418,0.5335838273677266,6,20.0,7.6378119043518335,6.021634812853046,Higher prior experience,Any previous experience,-0.9776674937965262,-3.1166253101736974,5.7698822763607245,106,100,6,1160.42,290.5,27169.0
P3,2,6,DEVICE2-2,Y,1251613,1388251,136638.0,,,,,,P3,P3,Expert,False,ATG,2,DEVICE2-2,1251613,1388251,136638,1,6,P3_T6_DEVICE2-2_36,1,SIMETRIC Recording 17.tsv,Recording 17,38.0,3925340.0,6820,6693,0.9813782991202346,11,6930.727272727273,2204.0,9416.817010974664,1042.0,7884.5,6842.5,76238.0,26167.0,0.080504691227916,0.5579560590758061,2,20.0,8.84372003223704,4.917335092930796,Higher prior experience,Any previous experience,-0.9776674937965262,-2.1166253101736974,7.698029170272805,11,9,2,2891.8888888888887,1843.0,26167.0
P3,3,7,DEVICE1-3,Y,1406075,1798696,392621.0,1437299/1570808,1578701.0,1602890.0,1614509.0,1752077.0,P3,P3,Expert,False,MST,3,DEVICE1-3,1406075,1798696,392621,1,7,P3_T7_DEVICE1-3_37,1,SIMETRIC Recording 17.tsv,Recording 17,38.0,3925340.0,19596,18603,0.9493263931414574,120,1439.925,370.0,2761.078044735,115.25,1608.0,1492.75,172791.0,21418.0,0.305638261835205,0.4400961741730574,3,20.0,7.272346307880329,5.972844769968646,Higher prior experience,Any previous experience,0.022332506203473823,-1.1166253101736974,5.91350300563827,120,117,3,1098.905982905983,341.0,21418.0
P3,3,8,DEVICE3-3,N,1806817,2125120,318303.0,,,,,,P3,P3,Expert,False,CON,3,DEVICE3-3,1806817,2125120,318303,0,8,P3_T8_DEVICE3-3_38,1,SIMETRIC Recording 17.tsv,Recording 17,38.0,3925340.0,15886,15419,0.9706030467077932,108,2075.0185185185187,701.5,4100.078891380227,200.0,2004.0,1804.0,224102.0,25246.0,0.3392993468487573,0.7040524280324094,5,20.0,7.637725357212212,5.763003759314319,Higher prior experience,Any previous experience,0.022332506203473823,-0.11662531017369737,6.553220899542516,108,103,5,1278.388349514563,641.0,25246.0
P3,3,9,DEVICE2-3,Y,2136817,2337215,200398.0,,,,,,P3,P3,Expert,False,ATG,3,DEVICE2-3,2136817,2337215,200398,1,9,P3_T9_DEVICE2-3_39,1,SIMETRIC Recording 17.tsv,Recording 17,38.0,3925340.0,10002,9596,0.9594081183763248,59,1648.2542372881355,240.0,3251.057178684583,80.5,1542.5,1462.0,97247.0,14165.0,0.2944141159093404,0.4852693140650106,3,20.0,7.407471968770105,5.300305389120989,Higher prior experience,Any previous experience,0.022332506203473823,0.8833746898263026,5.480638923341991,59,56,3,1024.9285714285713,211.0,14165.0
P3,4,11,DEVICE3-4,Y,2750595,2921336,170741.0,,,,,,P3,P3,Expert,False,CON,4,DEVICE3-4,2750595,2921336,170741,1,11,P3_T11_DEVICE3-4_41,1,SIMETRIC Recording 17.tsv,Recording 17,38.0,3925340.0,8522,8196,0.9617460689978878,19,3367.2105263157896,681.0,6130.071529208804,130.0,3566.0,3436.0,63977.0,25326.0,0.1112796574929278,0.3747020340750024,1,20.0,8.121839943584698,5.14014778842339,Higher prior experience,Any previous experience,1.0223325062034738,2.8833746898263026,6.523562306149512,19,18,1,2147.277777777778,461.0,25326.0
P3,5,14,DEVICE2-5 ,Y,3331043,3441204,110161.0,,,,,,P3,P3,Expert,False,ATG,5,DEVICE2-5,3331043,3441204,110161,1,14,P3_T14_DEVICE2-5_44,1,SIMETRIC Recording 17.tsv,Recording 17,38.0,3925340.0,5499,5186,0.9430805601018368,37,1204.2702702702702,300.0,2107.467301033382,80.0,942.0,862.0,44558.0,10138.0,0.3358720418296856,0.404480714590463,1,20.0,7.093629077646244,4.7019429320843535,Higher prior experience,Any previous experience,2.022332506203474,5.883374689826303,5.703782474656201,37,36,1,956.1111111111111,280.0,10138.0
P3,5,15,DEVICE1-5 ,N,3506598,3909035,402437.0,3522957,3640743.0,3666918.0,3686549.0,,P3,P3,Expert,False,MST,5,DEVICE1-5,3506598,3909035,402437,0,15,P3_T15_DEVICE1-5_45,1,SIMETRIC Recording 17.tsv,Recording 17,38.0,3925340.0,20086,19051,0.9484715722393708,66,1500.0,340.0,3416.253534997749,160.0,1402.0,1242.0,99000.0,24284.0,0.1640008249738468,0.2460012374607702,2,20.0,7.313220387090301,5.997538562868682,Higher prior experience,Any previous experience,2.022332506203474,6.883374689826303,5.8289456176102075,66,64,2,978.34375,320.0,24284.0
P4,1,1,DEVICE2-1,Y,185605,349246,163641.0,,,,,,P4,P4,Intermediate,False,ATG,1,DEVICE2-1,185605,349246,163641,1,1,P4_T1_DEVICE2-1_46,1,SIMETRIC Recording 18.tsv,Recording 18,24.0,924036.0,8167,7834,0.9592261540345292,35,1823.2,420.0,2815.097311033534,120.0,2735.0,2615.0,63812.0,11461.0,0.2138828288754041,0.3899511736056367,2,20.0,7.508348477931475,5.097675004017837,Some prior experience,Any previous experience,-1.9776674937965262,-7.116625310173697,6.040254711277414,35,33,2,1274.3030303030303,281.0,11461.0
P4,1,2,DEVICE3-1,Y,358925,465910,106985.0,,,,,,P4,P4,Intermediate,False,CON,1,DEVICE3-1,358925,465910,106985,1,2,P4_T2_DEVICE3-1_47,1,SIMETRIC Recording 18.tsv,Recording 18,24.0,924036.0,5340,5109,0.956741573033708,15,2849.133333333333,1001.0,5757.050843055306,221.0,2104.0,1883.0,42737.0,22460.0,0.1402065710146282,0.3994672150301444,1,20.0,7.95477013344962,4.672688637718914,Some prior experience,Any previous experience,-1.9776674937965262,-6.116625310173697,6.90875477931522,15,14,1,1448.357142857143,841.0,22460.0
P4,1,3,DEVICE1-1,Y,473691,742064,268373.0,492280.0,532965.0,553676.0,565621/641793,703687.0,P4,P4,Intermediate,False,MST,1,DEVICE1-1,473691,742064,268373,1,3,P4_T3_DEVICE1-1_48,1,SIMETRIC Recording 18.tsv,Recording 18,24.0,924036.0,13388,12898,0.9634000597550044,59,1665.7118644067796,821.0,2281.7433825525445,270.0,2034.0,1764.0,98277.0,13504.0,0.2198432778260108,0.3661955561848621,1,20.0,7.418007857232973,5.5923778039122105,Some prior experience,Any previous experience,-1.9776674937965262,-5.116625310173697,6.710523109452428,59,58,1,1461.603448275862,811.0,13504.0
P4,2,4,DEVICE1-2,Y,749161,902435,153274.0,773362.0,821092.0,839915.0,854033,878234.0,P4,P4,Intermediate,False,MST,2,DEVICE1-2,749161,902435,153274,1,4,P4_T4_DEVICE1-2_49,1,SIMETRIC Recording 18.tsv,Recording 18,24.0,924036.0,7649,7184,0.9392077395738004,23,1829.3478260869565,621.0,2986.803560644962,180.0,2244.0,2064.0,42075.0,12222.0,0.1500580659472578,0.2745083967274293,1,20.0,7.511714803129857,5.032227169406298,Some prior experience,Any previous experience,-0.9776674937965262,-4.116625310173697,6.431331081933479,23,22,1,1356.9545454545455,621.0,12222.0
P4,3,7,DEVICE3-3,Y,354144,433933,79789.0,,,,,,P4,P4,Intermediate,False,CON,3,DEVICE3-3,354144,433933,79789,1,7,P4_T7_DEVICE3-3_52,2,SIMETRIC Recording 19.tsv,Recording 19,28.0,1475277.0,3983,3782,0.949535525985438,25,1288.72,321.0,3017.59810003475,201.0,1222.0,1021.0,32218.0,15287.0,0.3133263983757159,0.4037899961147526,1,20.0,7.16140475668971,4.379385650342793,Some prior experience,Any previous experience,0.022332506203473823,-1.1166253101736974,5.771441123130016,25,24,1,705.4583333333334,311.0,15287.0
P4,3,8,DEVICE2-3,Y,442948,516966,74018.0,,,,,,P4,P4,Intermediate,False,ATG,3,DEVICE2-3,442948,516966,74018,1,8,P4_T8_DEVICE2-3_53,2,SIMETRIC Recording 19.tsv,Recording 19,28.0,1475277.0,3695,3447,0.9328822733423544,17,1587.470588235294,621.0,3285.2400239108683,140.0,1262.0,1122.0,26987.0,13865.0,0.2296738631143775,0.3646005025804534,1,20.0,7.36989720349934,4.304308306868572,Some prior experience,Any previous experience,0.022332506203473823,-0.11662531017369737,6.431331081933479,17,16,1,820.125,540.5,13865.0
P4,3,9,DEVICE1-3,Y,523058,638814,115756.0,542761.0,566159.0,576011.0,594482,622806.0,P4,P4,Intermediate,False,MST,3,DEVICE1-3,523058,638814,115756,1,9,P4_T9_DEVICE1-3_54,2,SIMETRIC Recording 19.tsv,Recording 19,28.0,1475277.0,5777,5502,0.9523974381166695,16,1641.625,411.0,3760.4404684380615,110.0,901.5,791.5,26266.0,15188.0,0.1382217768409412,0.2269083244065102,1,20.0,7.403441883905324,4.751484527476044,Some prior experience,Any previous experience,0.022332506203473823,0.8833746898263026,6.018593214496234,16,15,1,738.5333333333333,401.0,15188.0
P4,4,10,DEVICE3-4,Y,649444,712133,62689.0,,,,,,P4,P4,Intermediate,False,CON,4,DEVICE3-4,649444,712133,62689,1,10,P4_T10_DEVICE3-4_55,2,SIMETRIC Recording 19.tsv,Recording 19,28.0,1475277.0,3128,2986,0.9546035805626598,22,1201.1363636363635,250.5,2674.426031799552,100.0,781.0,681.0,26425.0,11521.0,0.350938761186173,0.4215253074702101,1,20.0,7.091023357380123,4.138185993651233,Some prior experience,Any previous experience,1.0223325062034738,1.8833746898263026,5.523458920524919,22,21,1,709.7142857142857,221.0,11521.0
P4,4,12,DEVICE2-4,Y,854774,956668,101894.0,,,,,,P4,P4,Intermediate,False,ATG,4,DEVICE2-4,854774,956668,101894,1,12,P4_T12_DEVICE2-4_57,2,SIMETRIC Recording 19.tsv,Recording 19,28.0,1475277.0,5086,4847,0.9530082579630358,21,2159.1428571428573,521.0,3377.9089580051486,160.0,2444.0,2284.0,45342.0,12422.0,0.2060965316897952,0.444991854279938,1,20.0,7.677466596525352,4.623933057238976,Some prior experience,Any previous experience,1.0223325062034738,3.8833746898263026,6.255750041753367,21,20,1,1646.0,451.0,12422.0
P4,5,13,DEVICE1-5 ,Y,970074,1083368,113294.0,1003323.0,1026721.0,1037804.0,1048887,1068590.0,P4,P4,Intermediate,False,MST,5,DEVICE1-5,970074,1083368,113294,1,13,P4_T13_DEVICE1-5_58,2,SIMETRIC Recording 19.tsv,Recording 19,28.0,1475277.0,5655,5314,0.9396993810786914,10,2238.0,330.5,5285.040775623212,115.0,1282.75,1167.75,22380.0,17191.0,0.088265927586633,0.1975391459388846,1,20.0,7.71333788887187,4.7299862098797165,Some prior experience,Any previous experience,2.022332506203474,4.883374689826303,5.800606659291741,10,9,1,576.5555555555555,320.0,17191.0
P4,5,14,DEVICE3-5 ,Y,1180664,1254106,73442.0,,,,,,P4,P4,Intermediate,False,CON,5,DEVICE3-5,1180664,1254106,73442,1,14,P4_T14_DEVICE3-5_59,2,SIMETRIC Recording 19.tsv,Recording 19,28.0,1475277.0,3665,3450,0.941336971350614,5,4395.8,2845.0,5328.257989249395,400.0,5590.0,5190.0,21979.0,13064.0,0.0680809346150704,0.2992701723809264,1,20.0,8.388404818583174,4.296495979056889,Some prior experience,Any previous experience,2.022332506203474,5.883374689826303,7.953318346560431,5,4,1,2228.75,1622.5,13064.0
P5,5,13,DEVICE3-5 ,Y,2931326,2977490,46164.0,,,,,,P5,P5,Intermediate,False,CON,5,DEVICE3-5,2931326,2977490,46164,1,13,P5_T13_DEVICE3-5_73,1,SIMETRIC Recording 21.tsv,Recording 21,27.0,3647747.0,2304,1801,0.7816840277777778,6,2811.6666666666665,631.5,5404.077892357462,356.0,1042.0,686.0,16870.0,13824.0,0.129971406290616,0.3654362706871155,1,20.0,7.941532706311959,3.832200273558159,Some prior experience,Any previous experience,2.022332506203474,4.883374689826303,6.448097941790546,6,5,1,609.2,401.0,13824.0
P6,1,1,DEVICE3-1,Y,93207,264782,171575.0,,,,,,P6,P6,Intermediate,False,CON,1,DEVICE3-1,93207,264782,171575,1,1,P6_T1_DEVICE3-1_76,1,SIMETRIC Recording 22.tsv,Recording 22,20.0,860597.0,8564,6940,0.8103689864549276,38,2083.184210526316,461.0,4841.114210900957,150.0,2790.0,2640.0,79161.0,29473.0,0.2214774879790179,0.461378405944922,1,20.0,7.641652872553074,5.145020488794699,Some prior experience,Any previous experience,-1.9776674937965262,-7.116625310173697,6.133398042996649,38,37,1,1342.918918918919,441.0,29473.0
P6,1,2,DEVICE2-1,N,324683,860597,535914.0,,,,,,P6,P6,Intermediate,False,ATG,1,DEVICE2-1,324683,860597,535914,0,2,P6_T2_DEVICE2-1_77,1,SIMETRIC Recording 22.tsv,Recording 22,20.0,860597.0,26748,24444,0.9138627187079408,102,2701.4803921568628,531.0,5310.297123440051,180.0,3220.25,3040.25,275551.0,36847.0,0.1903290453319002,0.5141701840220633,5,20.0,7.901555195125951,6.283973700436489,Some prior experience,Any previous experience,-1.9776674937965262,-6.116625310173697,6.274762021241939,102,97,5,1742.0309278350514,461.0,36847.0
P6,1,3,DEVICE1-1,Y,27128,333862,306734.0,120316,175298,200494,222331,254442,P6,P6,Intermediate,False,MST,1,DEVICE1-1,27128,333862,306734,1,3,P6_T3_DEVICE1-1_78,2,SIMETRIC Recording 23.tsv,Recording 23,31.0,4040722.0,15309,12052,0.787249330459207,19,3081.2631578947367,781.0,7317.577853984391,330.5,1563.0,1232.5,58544.0,31598.0,0.0619429212281651,0.190862441072721,2,20.0,8.033094908092547,5.725980922491453,Some prior experience,Any previous experience,-1.9776674937965262,-5.116625310173697,6.660575149839686,19,17,2,945.1176470588235,762.0,31598.0
P6,2,4,DEVICE1-2,Y,353147,789826,436679.0,392846/580139,475550/630671/681405,559366/706369,736970,561097/761129,P6,P6,Intermediate,False,MST,2,DEVICE1-2,353147,789826,436679,1,4,P6_T4_DEVICE1-2_79,2,SIMETRIC Recording 23.tsv,Recording 23,31.0,4040722.0,21795,16301,0.7479238357421427,76,2166.0,470.5,3982.568568147949,155.25,2244.25,2089.0,164616.0,26368.0,0.1740408858681091,0.3769725587903242,3,20.0,7.680637427560936,6.079198371403034,Some prior experience,Any previous experience,-0.9776674937965262,-4.116625310173697,6.153795959025435,76,73,3,1572.958904109589,441.0,26368.0
P6,2,5,DEVICE3-2,Y,810416,884898,74482.0,,,,,,P6,P6,Intermediate,False,CON,2,DEVICE3-2,810416,884898,74482,1,5,P6_T5_DEVICE3-2_80,2,SIMETRIC Recording 23.tsv,Recording 23,31.0,4040722.0,3718,2454,0.6600322754168908,13,2298.076923076923,1002.0,3517.485547507349,581.0,1523.0,942.0,29875.0,12282.0,0.1745388147471872,0.4011036223517091,1,20.0,7.739827931772275,4.310557485454682,Some prior experience,Any previous experience,-0.9776674937965262,-3.1166253101736974,6.90975328164481,13,12,1,1466.0833333333333,982.0,12282.0
P6,2,6,DEVICE2-2,Y,894871,1168696,273825.0,,,,,,P6,P6,Intermediate,False,ATG,2,DEVICE2-2,894871,1168696,273825,1,6,P6_T6_DEVICE2-2_81,2,SIMETRIC Recording 23.tsv,Recording 23,31.0,4040722.0,13666,11964,0.8754573393824089,60,2536.483333333333,1232.5,4069.660313529143,440.75,3125.25,2684.5,152189.0,27169.0,0.2191180498493563,0.5557892814753949,2,20.0,7.838533886251207,5.61248921620981,Some prior experience,Any previous experience,-0.9776674937965262,-2.1166253101736974,7.116799905916845,60,58,2,1932.0172413793102,1132.5,27169.0
P6,3,8,DEVICE2-3,Y,1272560,1438779,166219.0,,,,,,P6,P6,Intermediate,False,ATG,3,DEVICE2-3,1272560,1438779,166219,1,8,P6_T8_DEVICE2-3_83,2,SIMETRIC Recording 23.tsv,Recording 23,31.0,4040722.0,8296,6581,0.7932738669238187,21,4520.523809523809,2184.0,6010.955944099471,721.0,5951.0,5230.0,94931.0,23403.0,0.126339347487351,0.5711200283962724,2,20.0,8.41638315317468,5.113306195983573,Some prior experience,Any previous experience,0.022332506203473823,-0.11662531017369737,7.688913336864796,21,19,2,2866.157894736842,1703.0,23403.0
P6,3,9,DEVICE1-3,Y,1444650,1823580,378930.0,1459354/1642444,1524593/1676116/1720310,1540727/1752578,1560369/1763101,1601056/1696459/1793967,P6,P6,Intermediate,False,MST,3,DEVICE1-3,1444650,1823580,378930,1,9,P6_T9_DEVICE1-3_84,2,SIMETRIC Recording 23.tsv,Recording 23,31.0,4040722.0,18912,14219,0.7518506768189509,27,4441.37037037037,1904.0,8718.952134235416,420.5,3736.5,3316.0,119917.0,43579.0,0.0712532657746813,0.3164621434037949,2,20.0,8.398718249781442,5.9373514914539935,Some prior experience,Any previous experience,0.022332506203473823,0.8833746898263026,7.55171221535131,27,25,2,2310.6,1783.0,43579.0
P6,4,10,DEVICE3-4,Y,1829135,1950019,120884.0,,,,,,P6,P6,Intermediate,False,CON,4,DEVICE3-4,1829135,1950019,120884,1,10,P6_T10_DEVICE3-4_85,2,SIMETRIC Recording 23.tsv,Recording 23,31.0,4040722.0,6034,4901,0.8122306927411336,71,963.3802816901408,340.0,2502.785022251339,110.5,892.0,781.5,68400.0,17932.0,0.5873399291883128,0.5658317064293041,2,20.0,6.870448226569327,4.794831408085432,Some prior experience,Any previous experience,1.0223325062034738,1.8833746898263026,5.8289456176102075,71,69,2,563.5797101449275,340.0,17932.0
P6,4,11,DEVICE1-4,Y,1960221,2099686,139465.0,1981835,2030940,2042865,2058999,2084955,P6,P6,Intermediate,False,MST,4,DEVICE1-4,1960221,2099686,139465,1,11,P6_T11_DEVICE1-4_86,2,SIMETRIC Recording 23.tsv,Recording 23,31.0,4040722.0,6960,4780,0.6867816091954023,31,1627.4193548387098,461.0,2773.1983553795008,270.5,1653.0,1382.5,50450.0,11861.0,0.2222779908937726,0.361739504535188,2,20.0,7.394750821296609,4.937813673724391,Some prior experience,Any previous experience,1.0223325062034738,2.8833746898263026,6.133398042996649,31,29,2,973.4827586206897,460.0,11861.0
P6,4,12,DEVICE2-4,N,2104337,2380547,276210.0,,,,,,P6,P6,Intermediate,False,ATG,4,DEVICE2-4,2104337,2380547,276210,0,12,P6_T12_DEVICE2-4_87,2,SIMETRIC Recording 23.tsv,Recording 23,31.0,4040722.0,13786,10022,0.7269693892354563,112,1367.7857142857142,330.5,3457.0677895314266,140.0,1207.25,1067.25,153192.0,32398.0,0.4054885775315883,0.5546214836537418,1,20.0,7.220948444308909,5.621161445967864,Some prior experience,Any previous experience,1.0223325062034738,3.8833746898263026,5.800606659291741,112,111,1,1088.2342342342342,320.0,32398.0
P6,5,13,DEVICE3-5 ,Y,2414643,2495696,81053.0,,,,,,P6,P6,Intermediate,False,CON,5,DEVICE3-5,2414643,2495696,81053,1,13,P6_T13_DEVICE3-5_88,2,SIMETRIC Recording 23.tsv,Recording 23,31.0,4040722.0,4045,3099,0.7661310259579728,15,2591.4,1582.0,3106.5408369162915,410.5,2755.0,2344.5,38871.0,10779.0,0.1850640938645084,0.4795750928404871,1,20.0,7.85995354919471,4.395103261685449,Some prior experience,Any previous experience,2.022332506203474,4.883374689826303,7.366445148327599,15,14,1,2006.5714285714287,1412.0,10779.0
P6,5,14,DEVICE1-5 ,N,2675310,3542177,866867.0,2702439/2943355/3219318,2747248/3011566/3057002/3085043/3325804,2773349/3438774,2803223/3484646,2840841/3027545/3515492,P6,P6,Intermediate,False,MST,5,DEVICE1-5,2675310,3542177,866867,0,14,P6_T14_DEVICE1-5_89,2,SIMETRIC Recording 23.tsv,Recording 23,31.0,4040722.0,43265,33665,0.7781116375823414,280,1313.6321428571428,330.5,2429.6050367920766,120.0,1282.0,1162.0,367817.0,16951.0,0.3230022598622395,0.4243061507705334,6,20.0,7.18055120768712,6.764885562475683,Some prior experience,Any previous experience,2.022332506203474,5.883374689826303,5.800606659291741,280,274,6,1054.2153284671533,320.5,16951.0
P6,5,15,DEVICE2-5 ,Y,3557821,3854556,296735.0,,,,,,P6,P6,Intermediate,False,ATG,5,DEVICE2-5,3557821,3854556,296735,1,15,P6_T15_DEVICE2-5_90,2,SIMETRIC Recording 23.tsv,Recording 23,31.0,4040722.0,14810,11905,0.8038487508440243,46,2899.086956521739,1392.5,4738.118059718023,220.25,3051.0,2830.75,133358.0,21439.0,0.155020472812442,0.4494178307243837,4,20.0,7.972151123822525,5.692839484613216,Some prior experience,Any previous experience,2.022332506203474,6.883374689826303,7.238855971801439,46,42,4,1630.0238095238096,1282.0,21439.0
P9,5,15,DEVICE2-5 ,Y,1828399,1907952,79553.0,,,,,,P9,P9,Expert,False,ATG,5,DEVICE2-5,1828399,1907952,79553,1,15,P9_T15_DEVICE2-5_120,1,SIMETRIC Recording 30.tsv,Recording 30,3.0,2057005.0,3970,3674,0.92544080604534,13,1891.076923076923,721.0,3189.3098120005643,140.0,1082.0,942.0,24584.0,10239.0,0.1634130705315953,0.3090266866114414,1,20.0,7.544901746348784,4.376423466203447,Higher prior experience,Any previous experience,2.022332506203474,6.883374689826303,6.580639137284949,13,12,1,1195.4166666666667,530.5,10239.0
