Experience3,Device_name,Participants,Attempts,Median_attempt_median_fixation_ms,Q1_attempt_median_fixation_ms,Q3_attempt_median_fixation_ms,IQR_attempt_median_fixation_ms,Median_attempt_mean_fixation_ms,Q1_attempt_mean_fixation_ms,Q3_attempt_mean_fixation_ms
Higher prior experience,ATG,5.0,25.0,240.0,180.0,310.5,130.5,578.78125,333.0,822.7333333333333
Higher prior experience,CON,5.0,25.0,221.0,160.5,350.5,190.0,571.9278350515464,303.3809523809524,959.5
Higher prior experience,MST,5.0,25.0,260.5,161.0,341.0,180.0,612.1785714285714,276.5652173913044,1084.638888888889
Some prior experience,ATG,9.0,44.0,526.0,187.5,1089.625,902.125,1433.638888888889,682.2321548538797,2299.9166666666665
Some prior experience,CON,9.0,42.0,401.0,220.625,671.375,450.75,1095.9322916666665,690.1136363636364,2244.353744939271
Some prior experience,MST,9.0,43.0,330.5,140.0,761.0,621.0,1451.142857142857,495.5690846286701,2275.113636363636
No prior experience,ATG,13.0,70.0,601.0,265.75,1097.0,831.25,1165.041958041958,655.9700284090909,2831.545833333333
No prior experience,CON,13.0,64.0,626.5,307.875,1169.5,861.625,1353.324347826087,717.8998169529709,2737.735416666667
No prior experience,MST,13.0,65.0,461.0,240.0,1021.5,781.5,1317.0588235294117,747.1764705882352,2394.9473684210525
