Experience3,Device_name,Unique_fixation_events,Median_event_duration_ms,Q1_event_duration_ms,Q3_event_duration_ms,IQR_event_duration_ms,Events_gt_10_seconds
Higher prior experience,ATG,1848.0,200.0,100.0,461.0,361.0,8.0
Higher prior experience,CON,1606.0,181.0,81.0,501.0,420.0,10.0
Higher prior experience,MST,1292.0,201.0,100.0,621.0,521.0,13.0
Some prior experience,CON,1877.0,180.0,100.0,560.0,460.0,17.0
Some prior experience,ATG,2250.0,200.0,100.0,661.0,561.0,29.0
Some prior experience,MST,2694.0,200.0,100.0,621.0,521.0,32.0
No prior experience,ATG,3253.0,280.0,101.0,821.0,720.0,39.0
No prior experience,CON,4312.0,281.0,120.0,842.0,722.0,25.0
No prior experience,MST,3260.0,300.0,120.0,986.75,866.75,45.0
